component,actual_z_um,nodes,water,PDMS,ITO,Fe,UNASSIGNED
index_x,9.07500000000001,169,0,0,169,0,0
index_x,9.10000000000001,169,0,0,0,0,169
index_x,9.125000000000012,169,0,0,0,0,169
index_x,9.150000000000013,169,169,0,0,0,0
index_x,9.175000000000013,169,169,0,0,0,0
index_y,9.07500000000001,169,0,0,169,0,0
index_y,9.10000000000001,169,0,0,0,0,169
index_y,9.125000000000012,169,0,0,0,0,169
index_y,9.150000000000013,169,169,0,0,0,0
index_y,9.175000000000013,169,169,0,0,0,0
index_z,9.087500000000011,169,0,0,169,0,0
index_z,9.112500000000011,169,0,0,0,169,0
index_z,9.137500000000012,169,169,0,0,0,0
index_z,9.162500000000012,169,169,0,0,0,0
index_z,9.187500000000007,169,169,0,0,0,0
