"source_relative_path","sha256","literal_dx_nm","literal_dy_nm","literal_dz_nm","literal_metrics_lambda_nm","explicit_frequency_values","downsample_explicit","spatial_interpolation_explicit","has_pillar_volume","has_pillar_index"
"fdtd_triangle_hex_pillar_trap_compare_20260520/flat_0p00_indexaudit_20260524/build_flat_0p00_indexaudit.lsf","FF45FDE5B0BB59632F0617D9755076C2EDC97B02FCF651D2E6E36614E3A68805",,,,"500","1","False","False","False","False"
"fdtd_triangle_hex_pillar_trap_compare_20260520/flat_0p00_no_fe2o3_ito_only_indexaudit_20260525/build_flat_0p00_no_fe2o3_ito_only_indexaudit.lsf","6DF6EFBC294C7A5D3EEC37787F75999370BC9518B74C8E4F1718661A9DB1C674",,,,"500","1","False","False","False","False"
"fdtd_triangle_hex_pillar_trap_compare_20260520/side_1p50_height_11p00/build_tri_hex_pillar_side_1p50um_height_11p00um_ito100nm_fe2o3_25nm_water_trap.lsf","50B69C7B259B946969D3389FCB514569616207D42967676C52D5FF81226615D9","20","20","14.999999999999998","500","1","False","False","True","False"
"fdtd_triangle_hex_pillar_trap_compare_20260520/side_1p50_height_11p00_indexaudit_20260523/build_indexaudit_1p5_11p00.lsf","4112F6BB8957FE57785F12A5BC56EACF044343D521D4EDF8C09ACB7E56F5641E","20","20","14.999999999999998","500","1","False","False","True","True"
"fdtd_triangle_hex_pillar_trap_compare_20260520/side_1p50_height_13p00_indexaudit_20260523/build_indexaudit_1p5_13p00.lsf","CF0D966035719260BD3A472FA466A56A2C3E30607185663CFA44B241FE0DFE5F","20","20","14.999999999999998","500","1","False","False","True","True"
"fdtd_triangle_hex_pillar_trap_compare_20260520/side_1p50_height_1p00_indexaudit_20260523/build_indexaudit_1p5_1p00.lsf","824F93363A711343EF8DC10F1626F83B1C659D239FFB60B4B1D83069F93420BD","20","20","14.999999999999998","500","1","False","False","True","True"
"fdtd_triangle_hex_pillar_trap_compare_20260520/side_1p50_height_3p00_indexaudit_20260523/build_indexaudit_1p5_3p00.lsf","50D593E2B39A86B127C50C2EAA44546E054CE57582E868AC15AC58FC68B92751","20","20","14.999999999999998","500","1","False","False","True","True"
"fdtd_triangle_hex_pillar_trap_compare_20260520/side_1p50_height_5p00/build_tri_hex_pillar_side_1p50um_height_5p00um_ito100nm_fe2o3_25nm_water_trap.lsf","237CDFB62E94A7C396C199CCB9F5442791258D38FD90E15EED92EB93277654E2","20","20","14.999999999999998","500","1","False","False","True","False"
"fdtd_triangle_hex_pillar_trap_compare_20260520/side_1p50_height_5p00_indexaudit_20260523/build_indexaudit_1p5_5p00.lsf","826A1A8DE909859CD1F1E64A69C7124DE193D5AE66E384B6AA8A15ED1C389045","20","20","14.999999999999998","500","1","False","False","True","True"
"fdtd_triangle_hex_pillar_trap_compare_20260520/side_1p50_height_7p00/build_tri_hex_pillar_side_1p50um_height_7p00um_ito100nm_fe2o3_25nm_water_trap.lsf","CABA29D5207E358D41494471711B0A22A2C2A8550CAB59EB3182CA5E52E937AA","20","20","14.999999999999998","500","1","False","False","True","False"
"fdtd_triangle_hex_pillar_trap_compare_20260520/side_1p50_height_7p00_indexaudit_20260523/build_indexaudit_1p5_7p00.lsf","93948242DFB7F6E478491CB4A118ACCB3F2C43A24AF15CA636DB79749C42A478","20","20","14.999999999999998","500","1","False","False","True","True"
"fdtd_triangle_hex_pillar_trap_compare_20260520/side_1p50_height_9p00/build_tri_hex_pillar_side_1p50um_height_9p00um_ito100nm_fe2o3_25nm_water_trap.lsf","5706D71F57EB64B6C3A00E4724E630133E041749DC54A31DD6F90EC32D2ED445","20","20","14.999999999999998","500","1","False","False","True","False"
"fdtd_triangle_hex_pillar_trap_compare_20260520/side_1p50_height_9p00_audit_20260522/build_audit_1p5_9.lsf","86A07B9AC5A5D8BB9E6909467D4B788F418C0FE7CF9CEA5F3ECD934C4E56F527","20","20","14.999999999999998","500","1","False","False","True","False"
"fdtd_triangle_hex_pillar_trap_compare_20260520/side_1p50_height_9p00_audit_20260522/build_tri_hex_pillar_side_1p50um_height_9p00um_ito100nm_fe2o3_25nm_water_trap_audit.lsf","8E8AC904EADF25DA1C0F5F47763D66071FBE4DD8FF328D0A37CEEF25A303188A","20","20","14.999999999999998","500","1","False","False","True","False"
"fdtd_triangle_hex_pillar_trap_compare_20260520/side_1p50_height_9p00_indexaudit_20260522/build_indexaudit_1p5_9.lsf","5794E1E48A99BFE42E2281FA89E3B568B37CF31F7CD841E79E537AFDEA86ECD1","20","20","14.999999999999998","500","1","False","False","True","True"
"fdtd_triangle_hex_pillar_trap_compare_20260520/side_1p50_height_9p00_lossless_shell_indexaudit_20260525/build_indexaudit_1p5_9_lossless_shell.lsf","48C41E2826D527FAE3E8C9257BEAF8D8BF62DD11C946D47B96803E3C73C35C3E","20","20","14.999999999999998","500","1","False","False","True","True"
"fdtd_triangle_hex_pillar_trap_compare_20260520/side_1p50_height_9p00_no_fe2o3_ito_only_indexaudit_20260524/build_indexaudit_1p5_9_no_fe2o3.lsf","2DB3BD9A0AEAA2AF92D4FEEEBF5DBB0F3144A06DC7CDB5AE8CE513A94378BFC7","20","20","14.999999999999998","500","1","False","False","True","True"
"fdtd_triangle_hex_pillar_trap_compare_20260520/side_1p50_height_9p00_npdms_water_indexaudit_20260525/build_indexaudit_1p5_9_npdms_water.lsf","30871C745D0CC503FF1DD9E765F3D1F2854E7A6EDF99D97CA0B90398EB4C5D87","20","20","14.999999999999998","500","1","False","False","True","True"
"fdtd_triangle_hex_pillar_trap_compare_20260520/side_2p00_height_5p00/build_tri_hex_pillar_side_2p00um_height_5p00um_ito100nm_fe2o3_25nm_water_trap.lsf","6D8C189D62ABAF466F8F4AA08C44DDBA842C13E676D83E18E0F74EAAE13E005F","20","20","14.999999999999998","500","1","False","False","True","False"
"fdtd_triangle_hex_pillar_conformal_1p5_5_20260519/build_tri_hex_pillar_side_1p50um_height_5p00um_ito100nm_fe2o3_25nm_water.lsf","05B26C575E4689727A6E596F0FFFAD3A5C7D7E90E8F904FBD8D15BDBDF1B0163","20","20","14.999999999999998","500","1","False","False","True","False"
"fdtd_triangle_hex_hole_fe25_1p5_5_20260519/build_tri_hex_side_1p50um_depth_5p00um_fdtd_absorption_metrics.lsf","EA8C5BB357179CEBDAE266464F560EAA7EF2F42A3D70AC4124D137D3FDDD1B70","20","20","14.999999999999998","500","1","False","False","False","False"
"fdtd_triangle_hex_size_depth_sweep_20260518/tri_hex_side_1p50um_depth_3p00um/build_tri_hex_side_1p50um_depth_3p00um_fdtd_absorption_metrics.lsf","27301F95E3D39108956589D71AD245267D87C548299BE380AF237BCF2F217FBD","20","20","14.999999999999998","500","1","False","False","False","False"
"fdtd_triangle_hex_size_depth_sweep_20260518/tri_hex_side_1p50um_depth_5p00um/build_tri_hex_side_1p50um_depth_5p00um_fdtd_absorption_metrics.lsf","FAFF4FDE299B81617B36161BA6234792A0D396FB3C3A804D0000EBA6E63CA74A","20","20","14.999999999999998","500","1","False","False","False","False"
"fdtd_triangle_hex_size_depth_sweep_20260518/tri_hex_side_1p50um_depth_7p00um/build_tri_hex_side_1p50um_depth_7p00um_fdtd_absorption_metrics.lsf","C0D1789FB117E6B569341CA8992AF1806377975F2B3C74C4755CF1F69AFCFBC7","20","20","14.999999999999998","500","1","False","False","False","False"
"fdtd_triangle_hex_size_depth_sweep_20260518/tri_hex_side_2p00um_depth_3p00um/build_tri_hex_side_2p00um_depth_3p00um_fdtd_absorption_metrics.lsf","8B2C754300945CA3C040F61F7E45BC7235838BF251ED9FED3F8301569C349311","20","20","14.999999999999998","500","1","False","False","False","False"
"fdtd_triangle_hex_size_depth_sweep_20260518/tri_hex_side_2p00um_depth_5p00um/build_tri_hex_side_2p00um_depth_5p00um_fdtd_absorption_metrics.lsf","6F03A57BFD1195E12593EEC5026A46EAAC8DE79A7ACFD211F4A1501161603832","20","20","14.999999999999998","500","1","False","False","False","False"
"fdtd_triangle_hex_size_depth_sweep_20260518/tri_hex_side_2p00um_depth_7p00um/build_tri_hex_side_2p00um_depth_7p00um_fdtd_absorption_metrics.lsf","812533530BCBACE01F28D507E853E55443D0FE0A3401B798DC9EDFF69EAD6663","20","20","14.999999999999998","500","1","False","False","False","False"
"fdtd_triangle_hex_size_depth_sweep_20260518/tri_hex_side_2p50um_depth_3p00um/build_tri_hex_side_2p50um_depth_3p00um_fdtd_absorption_metrics.lsf","BFB60E9CBCCE9391CB56DA01F3BA192F5EED7261FF74D8824A3F9AE426BECE92","20","20","14.999999999999998","500","1","False","False","False","False"
"fdtd_triangle_hex_size_depth_sweep_20260518/tri_hex_side_2p50um_depth_5p00um/build_tri_hex_side_2p50um_depth_5p00um_fdtd_absorption_metrics.lsf","6D59B00400143599219D4BBCC9CA78BF3F269BDC79820FBBCD742ED52AA73EE0","20","20","14.999999999999998","500","1","False","False","False","False"
"fdtd_triangle_hex_size_depth_sweep_20260518/tri_hex_side_2p50um_depth_7p00um/build_tri_hex_side_2p50um_depth_7p00um_fdtd_absorption_metrics.lsf","995032372BC4E4E415333B4DB94AE8E713510471322482009D3873FA6A3B75D8","20","20","14.999999999999998","500","1","False","False","False","False"
