item,D2_baseline,D3_proposal,change_scope
auto_shutoff_min,0.0001,0.00000001,ONLY_PROPOSED_CHANGE
maximum_simulation_time_fs,2900,2900,UNCHANGED
MPI_ranks,1,1,UNCHANGED
threads_per_rank,1,1,UNCHANGED
wavelength_min_nm,350,350,UNCHANGED
wavelength_max_nm,800,800,UNCHANGED
wavelength_step_nm,5,5,UNCHANGED
frequency_points,91,91,UNCHANGED
original_monitor_count,8,8,UNCHANGED
actual_dt_s,3.3973566775471255e-17,3.3973566775471255e-17,TO_BE_VERIFIED_BEFORE_START
normalization_area_um2,46.76537180435969,46.76537180435969,UNCHANGED
geometry_materials_mesh_boundaries_source,Original_D2,Original_D2,UNCHANGED
static_diagnostic_probes,0,0,UNCHANGED
current_total_budget_consumed,4,4,NO_NEW_REQUEST_YET
conditional_total_after_one_solver_request,4,5,HUMAN_AUTHORIZATION_REQUIRED
current_diagnostic_budget_consumed,3,3,NO_NEW_REQUEST_YET
conditional_diagnostic_after_one_solver_request,3,4,FINAL_EXISTING_DIAGNOSTIC_SLOT
additional_reruns_authorized,false,false,NOT_AUTHORIZED
human_unique_start_authorization_received,false,false,AWAITING_EXPLICIT_D3_APPROVAL
new_D3_solver_request_sent,false,false,NOT_STARTED
