monitor_node_index,full_grid_node_index,z_m
0,41,-1.0441912672538744e-05
1,42,-1.0416696566512107e-05
2,43,-1.0391560556858383e-05
3,44,-1.0366504389159664e-05
4,45,-1.0341527809806174e-05
5,46,-1.0316630565993703e-05
6,47,-1.0291812405721045e-05
7,48,-1.0267073077787453e-05
8,49,-1.0242412331790095e-05
9,50,-1.0217829918121512e-05
10,51,-1.0193325587967102e-05
11,52,-1.0168899093302594e-05
12,53,-1.0144550186891544e-05
13,54,-1.0120278622282828e-05
14,55,-1.0096084153808148e-05
15,56,-1.0071966536579546e-05
16,57,-1.0047925526486926e-05
17,58,-1.0023960880195583e-05
18,59,-9.999999999999984e-06
19,60,-9.976039119804402e-06
20,61,-9.952078239608803e-06
21,62,-9.928117359413204e-06
22,63,-9.904156479217605e-06
23,64,-9.880195599022006e-06
24,65,-9.856234718826407e-06
25,66,-9.832273838630808e-06
26,67,-9.808312958435208e-06
27,68,-9.78435207823961e-06
28,69,-9.76039119804401e-06
29,70,-9.736430317848411e-06
30,71,-9.712469437652812e-06
31,72,-9.688508557457213e-06
32,73,-9.664547677261614e-06
33,74,-9.640586797066015e-06
34,75,-9.616625916870416e-06
35,76,-9.592665036674817e-06
36,77,-9.568704156479218e-06
37,78,-9.544743276283619e-06
38,79,-9.52078239608802e-06
39,80,-9.496821515892421e-06
40,81,-9.472860635696822e-06
41,82,-9.448899755501223e-06
42,83,-9.424938875305624e-06
43,84,-9.400977995110025e-06
44,85,-9.377017114914426e-06
45,86,-9.353056234718827e-06
46,87,-9.329095354523228e-06
47,88,-9.305134474327629e-06
48,89,-9.28117359413203e-06
49,90,-9.25721271393643e-06
50,91,-9.233251833740831e-06
51,92,-9.209290953545232e-06
52,93,-9.185330073349633e-06
53,94,-9.161369193154034e-06
54,95,-9.137408312958435e-06
55,96,-9.113447432762836e-06
56,97,-9.089486552567237e-06
57,98,-9.065525672371638e-06
58,99,-9.041564792176039e-06
59,100,-9.01760391198044e-06
60,101,-8.993643031784841e-06
61,102,-8.969682151589242e-06
62,103,-8.945721271393643e-06
63,104,-8.921760391198044e-06
64,105,-8.897799511002445e-06
65,106,-8.873838630806846e-06
66,107,-8.849877750611247e-06
67,108,-8.825916870415648e-06
68,109,-8.801955990220049e-06
69,110,-8.77799511002445e-06
70,111,-8.75403422982885e-06
71,112,-8.730073349633251e-06
72,113,-8.706112469437652e-06
73,114,-8.682151589242053e-06
74,115,-8.658190709046454e-06
75,116,-8.634229828850855e-06
76,117,-8.610268948655256e-06
77,118,-8.586308068459657e-06
78,119,-8.562347188264058e-06
79,120,-8.538386308068459e-06
80,121,-8.51442542787286e-06
81,122,-8.490464547677261e-06
82,123,-8.466503667481662e-06
83,124,-8.442542787286063e-06
84,125,-8.418581907090464e-06
85,126,-8.394621026894865e-06
86,127,-8.370660146699266e-06
87,128,-8.346699266503667e-06
88,129,-8.322738386308068e-06
89,130,-8.298777506112469e-06
90,131,-8.27481662591687e-06
91,132,-8.25085574572127e-06
92,133,-8.226894865525671e-06
93,134,-8.202933985330072e-06
94,135,-8.178973105134473e-06
95,136,-8.155012224938874e-06
96,137,-8.131051344743275e-06
97,138,-8.107090464547676e-06
98,139,-8.083129584352077e-06
99,140,-8.059168704156478e-06
100,141,-8.035207823960879e-06
101,142,-8.01124694376528e-06
102,143,-7.987286063569681e-06
103,144,-7.963325183374082e-06
104,145,-7.939364303178483e-06
105,146,-7.915403422982884e-06
106,147,-7.891442542787285e-06
107,148,-7.867481662591686e-06
108,149,-7.843520782396087e-06
109,150,-7.819559902200488e-06
110,151,-7.795599022004889e-06
111,152,-7.77163814180929e-06
112,153,-7.74767726161369e-06
113,154,-7.723716381418092e-06
114,155,-7.699755501222492e-06
115,156,-7.675794621026893e-06
116,157,-7.651833740831294e-06
117,158,-7.627872860635695e-06
118,159,-7.603911980440096e-06
119,160,-7.579951100244497e-06
120,161,-7.555990220048898e-06
121,162,-7.532029339853299e-06
122,163,-7.5080684596577e-06
123,164,-7.484107579462101e-06
124,165,-7.460146699266502e-06
125,166,-7.436185819070903e-06
126,167,-7.412224938875304e-06
127,168,-7.388264058679705e-06
128,169,-7.364303178484106e-06
129,170,-7.340342298288507e-06
130,171,-7.316381418092908e-06
131,172,-7.292420537897309e-06
132,173,-7.26845965770171e-06
133,174,-7.244498777506111e-06
134,175,-7.2205378973105116e-06
135,176,-7.1965770171149125e-06
136,177,-7.1726161369193135e-06
137,178,-7.1486552567237144e-06
138,179,-7.124694376528115e-06
139,180,-7.100733496332516e-06
140,181,-7.076772616136917e-06
141,182,-7.052811735941318e-06
142,183,-7.028850855745719e-06
143,184,-7.00488997555012e-06
144,185,-6.980929095354521e-06
145,186,-6.956968215158922e-06
146,187,-6.933007334963323e-06
147,188,-6.909046454767724e-06
148,189,-6.885085574572125e-06
149,190,-6.861124694376526e-06
150,191,-6.837163814180927e-06
151,192,-6.813202933985328e-06
152,193,-6.789242053789729e-06
153,194,-6.76528117359413e-06
154,195,-6.741320293398531e-06
155,196,-6.717359413202932e-06
156,197,-6.6933985330073326e-06
157,198,-6.6694376528117335e-06
158,199,-6.6454767726161345e-06
159,200,-6.6215158924205354e-06
160,201,-6.597555012224936e-06
161,202,-6.573594132029337e-06
162,203,-6.549633251833738e-06
163,204,-6.525672371638139e-06
164,205,-6.50171149144254e-06
165,206,-6.477750611246941e-06
166,207,-6.453789731051342e-06
167,208,-6.429828850855743e-06
168,209,-6.405867970660144e-06
169,210,-6.381907090464545e-06
170,211,-6.357946210268946e-06
171,212,-6.333985330073347e-06
172,213,-6.310024449877748e-06
173,214,-6.286063569682149e-06
174,215,-6.26210268948655e-06
175,216,-6.238141809290951e-06
176,217,-6.214180929095352e-06
177,218,-6.190220048899753e-06
178,219,-6.166259168704154e-06
179,220,-6.1422982885085545e-06
180,221,-6.1183374083129555e-06
181,222,-6.0943765281173564e-06
182,223,-6.070415647921757e-06
183,224,-6.046454767726158e-06
184,225,-6.022493887530559e-06
185,226,-5.99853300733496e-06
186,227,-5.974572127139361e-06
187,228,-5.950611246943762e-06
188,229,-5.926650366748163e-06
189,230,-5.902689486552564e-06
190,231,-5.878728606356965e-06
191,232,-5.854767726161366e-06
192,233,-5.830806845965767e-06
193,234,-5.806845965770168e-06
194,235,-5.782885085574569e-06
195,236,-5.75892420537897e-06
196,237,-5.734963325183371e-06
197,238,-5.711002444987772e-06
198,239,-5.687041564792173e-06
199,240,-5.663080684596574e-06
200,241,-5.639119804400975e-06
201,242,-5.6151589242053755e-06
202,243,-5.5911980440097765e-06
203,244,-5.5672371638141774e-06
204,245,-5.543276283618578e-06
205,246,-5.519315403422979e-06
206,247,-5.49535452322738e-06
207,248,-5.471393643031781e-06
208,249,-5.447432762836182e-06
209,250,-5.423471882640583e-06
210,251,-5.399511002444984e-06
211,252,-5.375550122249385e-06
212,253,-5.351589242053786e-06
213,254,-5.327628361858187e-06
214,255,-5.303667481662588e-06
215,256,-5.279706601466989e-06
216,257,-5.25574572127139e-06
217,258,-5.231784841075791e-06
218,259,-5.207823960880192e-06
219,260,-5.183863080684593e-06
220,261,-5.159902200488994e-06
221,262,-5.135941320293395e-06
222,263,-5.111980440097796e-06
223,264,-5.0880195599021965e-06
224,265,-5.0640586797065975e-06
225,266,-5.0400977995109985e-06
226,267,-5.016136919315399e-06
227,268,-4.9921760391198e-06
228,269,-4.968215158924201e-06
229,270,-4.944254278728602e-06
230,271,-4.920293398533003e-06
231,272,-4.896332518337404e-06
232,273,-4.872371638141805e-06
233,274,-4.848410757946206e-06
234,275,-4.824449877750607e-06
235,276,-4.800488997555008e-06
236,277,-4.776528117359409e-06
237,278,-4.75256723716381e-06
238,279,-4.728606356968211e-06
239,280,-4.704645476772612e-06
240,281,-4.680684596577013e-06
241,282,-4.656723716381414e-06
242,283,-4.632762836185815e-06
243,284,-4.608801955990216e-06
244,285,-4.584841075794617e-06
245,286,-4.5608801955990175e-06
246,287,-4.5369193154034185e-06
247,288,-4.5129584352078195e-06
248,289,-4.48899755501222e-06
249,290,-4.465036674816621e-06
250,291,-4.441075794621022e-06
251,292,-4.417114914425423e-06
252,293,-4.393154034229824e-06
253,294,-4.369193154034225e-06
254,295,-4.345232273838626e-06
255,296,-4.321271393643027e-06
256,297,-4.297310513447428e-06
257,298,-4.273349633251829e-06
258,299,-4.24938875305623e-06
259,300,-4.225427872860631e-06
260,301,-4.201466992665032e-06
261,302,-4.177506112469433e-06
262,303,-4.153545232273834e-06
263,304,-4.129584352078235e-06
264,305,-4.105623471882636e-06
265,306,-4.081662591687037e-06
266,307,-4.057701711491438e-06
267,308,-4.0337408312958385e-06
268,309,-4.0097799511002395e-06
269,310,-3.9858190709046405e-06
270,311,-3.961858190709041e-06
271,312,-3.937897310513442e-06
272,313,-3.913936430317843e-06
273,314,-3.889975550122244e-06
274,315,-3.866014669926645e-06
275,316,-3.842053789731046e-06
276,317,-3.818092909535447e-06
277,318,-3.794132029339848e-06
278,319,-3.770171149144249e-06
279,320,-3.74621026894865e-06
280,321,-3.722249388753051e-06
281,322,-3.698288508557452e-06
282,323,-3.674327628361853e-06
283,324,-3.650366748166254e-06
284,325,-3.6264058679706548e-06
285,326,-3.6024449877750557e-06
286,327,-3.5784841075794567e-06
287,328,-3.5545232273838576e-06
288,329,-3.5305623471882586e-06
289,330,-3.5066014669926596e-06
290,331,-3.4826405867970605e-06
291,332,-3.4586797066014615e-06
292,333,-3.4347188264058624e-06
293,334,-3.4107579462102634e-06
294,335,-3.3867970660146643e-06
295,336,-3.3628361858190653e-06
296,337,-3.3388753056234662e-06
297,338,-3.314914425427867e-06
298,339,-3.290953545232268e-06
299,340,-3.266992665036669e-06
300,341,-3.24303178484107e-06
301,342,-3.219070904645471e-06
302,343,-3.195110024449872e-06
303,344,-3.171149144254273e-06
304,345,-3.147188264058674e-06
305,346,-3.123227383863075e-06
306,347,-3.0992665036674758e-06
307,348,-3.0753056234718767e-06
308,349,-3.0513447432762777e-06
309,350,-3.0273838630806786e-06
310,351,-3.0034229828850796e-06
311,352,-2.9794621026894806e-06
312,353,-2.9555012224938815e-06
313,354,-2.9315403422982825e-06
314,355,-2.9075794621026834e-06
315,356,-2.8836185819070844e-06
316,357,-2.8596577017114853e-06
317,358,-2.8356968215158863e-06
318,359,-2.8117359413202872e-06
319,360,-2.787775061124688e-06
320,361,-2.763814180929089e-06
321,362,-2.73985330073349e-06
322,363,-2.715892420537891e-06
323,364,-2.691931540342292e-06
324,365,-2.667970660146693e-06
325,366,-2.644009779951094e-06
326,367,-2.620048899755495e-06
327,368,-2.596088019559896e-06
328,369,-2.572127139364297e-06
329,370,-2.5481662591686977e-06
330,371,-2.5242053789730987e-06
331,372,-2.5002444987774997e-06
332,373,-2.4762836185819006e-06
333,374,-2.4523227383863016e-06
334,375,-2.4283618581907025e-06
335,376,-2.4044009779951035e-06
336,377,-2.3804400977995044e-06
337,378,-2.3564792176039054e-06
338,379,-2.3325183374083063e-06
339,380,-2.3085574572127073e-06
340,381,-2.2845965770171082e-06
341,382,-2.260635696821509e-06
342,383,-2.23667481662591e-06
343,384,-2.212713936430311e-06
344,385,-2.188753056234712e-06
345,386,-2.164792176039113e-06
346,387,-2.140831295843514e-06
347,388,-2.116870415647915e-06
348,389,-2.092909535452316e-06
349,390,-2.068948655256717e-06
350,391,-2.044987775061118e-06
351,392,-2.0210268948655187e-06
352,393,-1.9970660146699197e-06
353,394,-1.9731051344743207e-06
354,395,-1.9491442542787216e-06
355,396,-1.9251833740831226e-06
356,397,-1.9012224938875235e-06
357,398,-1.8772616136919245e-06
358,399,-1.8533007334963254e-06
359,400,-1.8293398533007264e-06
360,401,-1.8053789731051273e-06
361,402,-1.7814180929095283e-06
362,403,-1.7574572127139293e-06
363,404,-1.7334963325183302e-06
364,405,-1.7095354523227312e-06
365,406,-1.6855745721271321e-06
366,407,-1.661613691931533e-06
367,408,-1.637652811735934e-06
368,409,-1.613691931540335e-06
369,410,-1.589731051344736e-06
370,411,-1.5657701711491369e-06
371,412,-1.5418092909535378e-06
372,413,-1.5178484107579388e-06
373,414,-1.4938875305623398e-06
374,415,-1.4699266503667407e-06
375,416,-1.4459657701711417e-06
376,417,-1.4220048899755426e-06
377,418,-1.3980440097799436e-06
378,419,-1.3740831295843445e-06
379,420,-1.3501222493887455e-06
380,421,-1.3261613691931464e-06
381,422,-1.3022004889975474e-06
382,423,-1.2782396088019483e-06
383,424,-1.2542787286063493e-06
384,425,-1.2303178484107503e-06
385,426,-1.2063569682151512e-06
386,427,-1.1823960880195522e-06
387,428,-1.1584352078239531e-06
388,429,-1.134474327628354e-06
389,430,-1.110513447432755e-06
390,431,-1.086552567237156e-06
391,432,-1.062591687041557e-06
392,433,-1.0386308068459579e-06
393,434,-1.0146699266503588e-06
394,435,-9.907090464547598e-07
395,436,-9.667481662591608e-07
396,437,-9.427872860635617e-07
397,438,-9.188264058679627e-07
398,439,-8.948655256723636e-07
399,440,-8.709046454767646e-07
400,441,-8.469437652811655e-07
401,442,-8.229828850855665e-07
402,443,-7.990220048899674e-07
403,444,-7.750611246943684e-07
404,445,-7.511002444987693e-07
405,446,-7.271393643031703e-07
406,447,-7.031784841075713e-07
407,448,-6.792176039119722e-07
408,449,-6.552567237163732e-07
409,450,-6.312958435207741e-07
410,451,-6.073349633251751e-07
411,452,-5.83374083129576e-07
412,453,-5.59413202933977e-07
413,454,-5.354523227383779e-07
414,455,-5.114914425427789e-07
415,456,-4.875305623471799e-07
416,457,-4.635696821515808e-07
417,458,-4.3960880195598176e-07
418,459,-4.156479217603827e-07
419,460,-3.9168704156478367e-07
420,461,-3.677261613691846e-07
421,462,-3.437652811735856e-07
422,463,-3.1980440097798654e-07
423,464,-2.958435207823875e-07
424,465,-2.718826405867971e-07
425,466,-2.4989691169883664e-07
426,467,-2.3108915352647723e-07
427,468,-2.1499999999999138e-07
428,469,-1.9999999999999136e-07
429,470,-1.8499999999999998e-07
430,471,-1.6999999999999996e-07
431,472,-1.5499999999999995e-07
432,473,-1.3999999999999993e-07
433,474,-1.2499999999999991e-07
434,475,-1.0999999999999991e-07
435,476,-9.499999999999991e-08
436,477,-7.999999999999991e-08
437,478,-6.499999999999991e-08
438,479,-4.9999999999999905e-08
439,480,-3.49999999999999e-08
440,481,-1.99999999999999e-08
441,482,-4.999999999999899e-09
442,483,1.0000000000000103e-08
443,484,2.5000000000000105e-08
444,485,4.000000000000011e-08
445,486,5.500000000000011e-08
446,487,7.000000000000011e-08
447,488,8.500000000000011e-08
448,489,1.0000000000000011e-07
449,490,1.1500000000000012e-07
450,491,1.3000000000000013e-07
451,492,1.4500000000000015e-07
452,493,1.6000000000000016e-07
453,494,1.7500000000000018e-07
454,495,1.900000000000002e-07
455,496,2.050000000000002e-07
456,497,2.2000000000000022e-07
457,498,2.3500000000000024e-07
458,499,2.5000000000000025e-07
459,500,2.6500000000000027e-07
460,501,2.800000000000003e-07
461,502,2.950000000000003e-07
462,503,3.100000000000003e-07
463,504,3.2500000000000006e-07
464,505,3.4000000000000034e-07
465,506,3.557239352338631e-07
466,507,3.762820512820516e-07
467,508,4.01923076923077e-07
468,509,4.2756410256410266e-07
469,510,4.5320512820512833e-07
470,511,4.788461538461539e-07
471,512,5.044871794871795e-07
472,513,5.301282051282052e-07
473,514,5.557692307692308e-07
474,515,5.814102564102564e-07
