wavelength_nm,frequency_Hz,actual_dt_s,window_dz_m,index_PDMS_real,index_PDMS_imag,epsilon_dt_real,epsilon_dt_imag,relative_k_field_minus_continuous,relative_k_field_minus_discrete,recurrence_relative_l2,continuous_wave_fit_relative_l2,discrete_wave_fit_relative_l2,extracted_wave_fit_relative_l2,R_D3_original,T_D3_original,R_TMM_original,T_TMM_original,R_PDMS_discrete_phase_diagnostic,T_PDMS_discrete_phase_diagnostic,R_original_signed_error,T_original_signed_error,R_diagnostic_signed_error,T_diagnostic_signed_error,k_continuous_real,k_continuous_imag,k_discrete_real,k_discrete_imag,k_field_real,k_field_imag,phase_continuous_PDMS_real,phase_continuous_PDMS_imag,phase_discrete_PDMS_real,phase_discrete_PDMS_imag
350.0,856549880000000.0,3.3973566775471255e-17,2.3960880195599045e-08,1.4598069921340606,4.088458518149441e-10,2.1247891470480873,1.1871618829596164e-09,0.01419472363416973,1.414748363991517e-07,2.5319080348476995e-06,0.8386149394843943,1.529123779425877e-05,1.6081842854561943e-05,0.053512179064055664,0.3173249400998022,0.04299835632525138,0.34264839851286694,0.059045327825170565,0.3369028790285442,0.01051382273880428,-0.025323458413064714,-0.005533148761114902,-0.01957793892874199,26206393.840842158,0.007339583568642796,26578383.837690927,0.007686490778650415,26578386.35885066,-2.7820537949009436,262.0639384084216,7.339583568642797e-08,265.7154021273007,7.680498476019334e-08
355.0,844485797183098.6,3.3973566775471255e-17,2.3960880195599045e-08,1.4585038699430253,4.0073911873083343e-10,2.1211812531033347,1.162765987963332e-09,0.013751097898294904,1.1597612820920162e-07,1.7193084552640605e-06,0.8161205813644379,1.4646875871179287e-05,1.5341226057834152e-05,0.052884025801682145,0.31944901481913424,0.06354740919017272,0.3363253355976397,0.05391880414380831,0.3397834300257879,-0.010663383388490578,-0.016876320778505483,-0.0010347783421261678,-0.02033441520665369,25814225.59462136,0.007092727162877939,26169198.422527507,0.007417202151500569,26169199.537930444,2.8300250952844643,258.1422559462136,7.09272716287794e-08,261.6266879849472,7.411600378080777e-08
359.99999999999994,832756827777777.9,3.3973566775471255e-17,2.3960880195599045e-08,1.4572617835112047,3.929727734658192e-10,2.117745352692011,1.1394318564900635e-09,0.013328655525352347,9.91868668735089e-08,1.8007443222466624e-06,0.7931267959412258,1.461640894863427e-05,1.580747771240105e-05,0.09091176764103655,0.30615775652776017,0.10418743176577626,0.3213484765808419,0.09839211841682598,0.32342738587859765,-0.013275664124739711,-0.015190720053081752,-0.007480350775789429,-0.01726962935083748,25434016.185755342,0.0068586687676723546,25773019.121994343,0.007162544747122799,25773017.426116116,-1.9056617768593973,254.3401618575534,6.858668767672355e-08,257.6678410370646,7.157301351392803e-08
365.0,821349200000000.0,3.3973566775471255e-17,2.3960880195599045e-08,1.4560768812824636,3.855251668530937e-10,2.1144703721666605,1.117089738778374e-09,0.012926337745057455,1.0103317778119201e-07,1.3500312029236355e-06,0.7684953028886253,1.4801945082486072e-05,1.6004303528895995e-05,0.11700526152988139,0.29825883167517964,0.12148753557505881,0.31381349118212587,0.12227781146625473,0.31353119453631517,-0.004482274045177426,-0.015554659506946233,-0.005272549936373341,-0.015272362861135536,25065207.853692736,0.006636509764162512,25389206.954502914,0.006921438884322604,25389209.196057234,1.254094381138091,250.65207853692735,6.636509764162512e-08,253.83248657425037,6.916524913021459e-08
370.00000000000006,810249886486486.4,3.3973566775471255e-17,2.3960880195599045e-08,1.4549456176063673,3.7837646277506035e-10,2.111346136614145,1.095675552408417e-09,0.01254232396296389,1.1848493763163255e-07,1.3652002431336084e-06,0.7437992829710562,1.4992638238792074e-05,1.7283248377918507e-05,0.11090115277137938,0.29876272369652374,0.11935580052304973,0.31267812805805595,0.1145317656625126,0.3143909291674172,-0.008454647751670347,-0.013915404361532213,-0.003630612891133214,-0.01562820547089344,24707278.181863934,0.006425430895921197,25017165.893572226,0.006692903070458022,25017164.86905146,-2.774778998640452,247.0727818186393,6.425430895921196e-08,250.1146780156875,6.688292397585969e-08
375.0,799446554666666.6,3.3973566775471255e-17,2.3960880195599045e-08,1.4538647234804178,3.7150845233675743e-10,2.1083632819531704,1.0751313749634008e-09,0.012175833595768647,1.1326582429616447e-07,1.3514019273080671e-06,0.7201530635390808,1.5617867889943512e-05,1.740420869344489e-05,0.10431318675467403,0.29815559891101157,0.11663822885769144,0.3115561503546562,0.10890012572218448,0.31428532875091536,-0.012325042103017408,-0.01340055144364466,-0.0045869389675104455,-0.016129729839903795,24359737.25119699,0.006224683864574245,24656339.184788354,0.006476049755036882,24656337.358396687,2.119195086154275,243.59737251196995,6.224683864574245e-08,246.50886023592403,6.471718755603609e-08
379.99999999999994,788927521052631.6,3.3973566775471255e-17,2.3960880195599045e-08,1.4528311805584417,3.649043903584149e-10,2.105513177068459,1.0554036329782832e-09,0.011825913325319364,1.4158874333570621e-07,1.1807738180418562e-06,0.6974324945484475,1.657933720414306e-05,1.798167509510736e-05,0.11718840075041831,0.29284450145482727,0.12200735630986037,0.3077586633874244,0.12142669723319702,0.30796219721082213,-0.004818955559442062,-0.014914161932597148,-0.004238296482778708,-0.015117695755994864,24022125.072360985,0.006033583957961361,24306206.046949983,0.006270067807643238,24306208.641347706,2.26744689037385,240.22125072360987,6.033583957961361e-08,243.0098367135844,6.265995079139044e-08
384.9999999999999,778681709090909.2,3.3973566775471255e-17,2.3960880195599045e-08,1.4518421980093486,3.585488511337205e-10,2.102787854675011,1.0364428347923548e-09,0.01149120527150657,1.6789273611832508e-07,1.0032859360790324e-06,0.6752409184260181,1.7800469685033897e-05,1.8945469166056607e-05,0.14067606833686158,0.28512527467709486,0.13358649235317707,0.302299323773813,0.1444930951441801,0.2984939119596135,0.00708957598368451,-0.017174049096718158,-0.0038170268073185187,-0.013368637282518636,23694009.264612094,0.005851503567141594,23966278.710293733,0.006074215516356157,23966281.988766737,-2.3267979087586386,236.94009264612097,5.851503567141595e-08,239.61274003379748,6.070381634974171e-08
389.99999999999994,768698610256410.4,3.3973566775471255e-17,2.3960880195599045e-08,1.4508951918697421,3.5242760086678054e-10,2.1001799497963436,1.0182042262747149e-09,0.011170769873791387,1.6842341074438624e-07,1.5447882650007258e-06,0.6534165444792567,1.9199693765506578e-05,1.994810410892112e-05,0.16243331139802553,0.27820606124965797,0.14674203474605152,0.29705772069038183,0.1674499721276367,0.28984834864177317,0.015691276651974007,-0.018851659440723867,-0.005016660729611183,-0.011642287392115203,23374982.953367874,0.005677866470796686,23636099.751307793,0.005887819523984086,23636099.508713514,-3.967585996918461,233.74982953367876,5.6778664707966853e-08,236.31300534182282,5.884206827611191e-08
395.0,758968248101265.9,3.3973566775471255e-17,2.3960880195599045e-08,1.4499877665838392,3.465274845887699e-10,2.097682644900373,1.0006456501755014e-09,0.01086404547533509,1.2975117285917294e-07,7.834869428935665e-07,0.6319935745734852,2.069787635308341e-05,2.0851981770775693e-05,0.17807050132961622,0.27379035649527667,0.15855353158147392,0.29321875834786015,0.18538763396524244,0.28386788002778807,0.019516969748142293,-0.019428401852583488,-0.007317132635626222,-0.010077523532511401,23064662.862252463,0.0055121427840558465,23315239.689214032,0.005710257925151022,23315238.40844626,-2.734973251963633,230.64662862252462,5.512142784055847e-08,233.1063464007001,5.7068503294246425e-08
400.0,749481145000000.0,3.3973566775471255e-17,2.3960880195599045e-08,1.4491176984663623,3.408363256792649e-10,2.0952896208711342,9.83728571347467e-10,0.010570227993869618,1.1095962052224159e-07,1.2044866240847965e-06,0.6110373375993389,2.2322621569671452e-05,2.249081670716451e-05,0.18752271909243184,0.27231774782911206,0.1687041311542839,0.29099258322869875,0.19713262023403272,0.2810412758038862,0.018818587938147946,-0.018674835399586698,-0.009609901141600874,-0.008723527974774159,22762687.578444365,0.0053538444841525834,23003294.813910007,0.00554096253968598,23003294.37588861,-2.5090308091830713,227.62687578444365,5.353844484152584e-08,229.98873395254756,5.5377453717048425e-08
405.00000000000006,740228291358024.6,3.3973566775471255e-17,2.3960880195599045e-08,1.4482829208598766,3.3534283638867817e-10,2.092995013108185,9.674175563289348e-10,0.010288533331799129,1.0552770090072078e-07,7.617752356710718e-07,0.590574430874881,2.391646077698774e-05,2.392776548095313e-05,0.1912694979408567,0.27382965802601167,0.17938313288079347,0.2896520074305692,0.20252086702687172,0.28148511175559054,0.011886365060063242,-0.015822349404557512,-0.011251369086015012,-0.007655453729578876,22468715.972804714,0.005202521438185852,22699885.219159674,0.00537941244061508,22699886.106002934,-2.2198778158846912,224.68715972804716,5.2025214381858526e-08,226.95637612285407,5.376372293320685e-08
410.0,731201117073170.8,3.3973566775471255e-17,2.3960880195599045e-08,1.4474815107884773,3.300365379863832e-10,2.090793372141818,9.516793712875931e-10,0.01001829640440266,1.3235623771658872e-07,8.81523085956226e-07,0.5706378386326288,2.5598857956832753e-05,2.5433551769807912e-05,0.18979431826071075,0.27823919065829167,0.19449936919211389,0.28777171175782157,0.20184292398002157,0.28514816514663105,-0.0047050509314031375,-0.0095325210995299,-0.012048605719310823,-0.006908974488339381,22182425.758537244,0.005057757869045025,22404653.018224087,0.005225125897546443,22404655.8747535,-0.790897134857563,221.82425758537244,5.0577578690450254e-08,224.00570064091687,5.222250503179997e-08
415.00000000000006,722391465060240.9,3.3973566775471255e-17,2.3960880195599045e-08,1.4467116769356958,3.2490768935151446e-10,2.0886796282340385,9.364833497818713e-10,0.009758798794183749,1.8645996751883982e-07,6.191755189998429e-07,0.5513948550841493,2.715733248289778e-05,2.6910365229988944e-05,0.18521970991306963,0.284868972009276,0.21652497858665198,0.28430523437532745,0.1972991350055441,0.2912818536415066,-0.031305268673582354,0.0005637376339485689,-0.012079425092474477,-0.006412881632230583,21903512.174090367,0.004919169204633986,22117260.72203042,0.0050776598244499154,22117264.14227085,2.3092471633782687,219.03512174090372,4.919169204633987e-08,221.1333386784712,5.074937940772649e-08
419.99999999999994,713791566666666.8,3.3973566775471255e-17,2.3960880195599045e-08,1.445971748796694,3.199472229861681e-10,2.0866490595049734,9.218011290829721e-10,0.009509304905667143,2.0837969751316552e-07,8.417577359148645e-07,0.5332565987987224,2.859228606732913e-05,2.8176046284144366e-05,0.18342435871237217,0.291682070171863,0.2410153609869045,0.28062378974221347,0.19525107304416156,0.29754448389313115,-0.057591002274532316,0.011058280429649514,-0.01182671433178939,-0.005862413721268167,21631686.777705144,0.004786399263189529,21837389.76246719,0.004936605900899841,21837389.08284902,4.504368157264653,216.31686777705144,4.7863992631895296e-08,218.3361101332955,4.9340272105301585e-08
424.99999999999994,705394018823529.5,3.3973566775471255e-17,2.3960880195599045e-08,1.4452601668738478,3.151466875687906e-10,2.0846972631840117,9.076061817995337e-10,0.009269479673506385,2.2640552708781236e-07,1.0036584636832166e-06,0.5167226863026172,3.0147320476152527e-05,2.973952031796982e-05,0.19279090899994616,0.29553844353504777,0.25465424385638624,0.2815211493097108,0.20506240141929674,0.30025225685418594,-0.06186333485644008,0.014017294225336985,-0.012271492419350577,-0.0047138133191381715,21366676.342479244,0.004659117733973037,21564739.145533253,0.004801585905354581,21564734.314524986,-0.7015664691395392,213.66676342479246,4.6591177339730374e-08,215.6110102058534,4.799140927142087e-08
430.0,697191762790697.6,3.3973566775471255e-17,2.3960880195599045e-08,1.444575473801181,3.1049819628299434e-10,2.0828201296360085,8.938736736303044e-10,0.009039299794718072,2.571902530073713e-07,6.93891558816474e-07,0.5017386620251777,3.2115065046216494e-05,3.141015321070857e-05,0.21488852716460966,0.29530879501867463,0.24355620001329875,0.29246604828050266,0.2290654844412848,0.29806863412006007,-0.028667672848689096,0.002842746738171975,-0.014176957276675145,-0.0027598391013854418,21108221.84209202,0.004537017918118775,21299024.220912285,0.004672249099321014,21299025.38738104,-5.347594065454898,211.08221842092019,4.5370179181187755e-08,212.95519713536132,4.6699291093768907e-08
434.99999999999994,689178064367816.1,3.3973566775471255e-17,2.3960880195599045e-08,1.4439163062972185,3.059943802572559e-10,2.0810138188567784,8.805807617365809e-10,0.008817701600267033,2.681279117264898e-07,5.846696251050595e-07,0.4870344860769622,3.378284860705079e-05,3.2768502255550676e-05,0.23492461781034524,0.29583869354503056,0.21220816358909814,0.31224442705664673,0.2517008981534641,0.296591323372665,0.0227164542212471,-0.016405733511616172,-0.016776280343118843,-0.0007526298276344101,20856077.518445294,0.004419814699107847,21039975.55613762,0.0045482720820813356,21039980.186526746,3.22711613724994,208.56077518445298,4.419814699107848e-08,210.36598097750993,4.546069042219339e-08
439.99999999999994,681346495454545.5,3.3973566775471255e-17,2.3960880195599045e-08,1.4432813878580009,3.0162834653665667e-10,2.079274739169885,8.677057776874511e-10,0.008603714852511334,2.587042898782046e-07,6.014200948029107e-07,0.47103770426633973,3.440551047977436e-05,3.357313539390659e-05,0.23086921029598179,0.3057882680453321,0.198468359354019,0.32598823578680003,0.2483636109970679,0.3056955047456316,0.032400850941962794,-0.020199967741467928,-0.017494400701086127,9.276329970048236e-05,20610010.02344353,0.004307242716336351,20787337.904892836,0.004429352969352138,20787332.67278828,1.2476226806448305,206.10010023443533,4.30724271633635e-08,207.84081331980212,4.42725946487016e-08
445.0,673690916853932.6,3.3973566775471255e-17,2.3960880195599045e-08,1.4426695221125527,2.9739364008135396e-10,2.077599527889358,8.552286594059406e-10,0.008398464454060194,2.467058832268085e-07,7.348720043623232e-07,0.4544326577346555,3.4613889066040707e-05,3.349953130076196e-05,0.19874735868057275,0.3274597144489419,0.22681778349114887,0.3228361004091038,0.2142221705660519,0.3280952975859487,-0.028070424810576117,0.004623614039838075,-0.01547481188547914,-0.0006355831370067899,20369797.627985135,0.0041990547186692515,20540869.2601931,0.004315212284346102,20540872.649258684,-3.763221228390583,203.6979762798514,4.1990547186692527e-08,205.37727784239073,4.3132214669986465e-08
450.0,666205462222222.2,3.3973566775471255e-17,2.3960880195599045e-08,1.4420795867722471,2.932842093496587e-10,2.0759850337411927,8.431306770827019e-10,0.00820002662865158,2.2980620409134902e-07,7.492519264795547e-07,0.44013927110699735,3.4569425007412016e-05,3.3475767613556134e-05,0.17751237017091662,0.3453854510060319,0.2464521005252785,0.32307150634678783,0.19134541372992714,0.3466976082648481,-0.06893973035436188,0.022313944659244078,-0.013833043559010522,-0.0013121572588161712,20135229.491979983,0.004095020077807905,20300339.98423639,0.004205590271575327,20300338.909925815,4.543966158410174,201.35229491979985,4.095020077807905e-08,202.97308164269003,4.2036958088565964e-08
455.00000000000006,658884523076923.0,3.3973566775471255e-17,2.3960880195599045e-08,1.441510528113475,2.8929437507808155e-10,2.0744283008609807,8.313943065412024e-10,0.00800898304391754,2.2744475579878163e-07,5.221689932674836e-07,0.4285084461070615,3.532065362554436e-05,3.405474519562634e-05,0.202298341988688,0.34460032086062475,0.21207874225069945,0.3468308439651601,0.2177026885861712,0.3443552679104282,-0.009780400262011435,-0.0022305231045353646,-0.015404346597483187,0.00024505295019655593,19906104.98986213,0.003994923443824839,20065532.00762535,0.00410024512470491,20065532.64713234,-4.5146718776724555,199.0610498986213,3.994923443824839e-08,200.62604725110072,4.0984411543759206e-08
460.00000000000006,651722734782608.6,3.3973566775471255e-17,2.3960880195599045e-08,1.4409613559399506,2.8541880191775783e-10,2.0729265542063016,8.200026220845078e-10,0.007824542676022854,2.2425086887388224e-07,8.710275544733715e-07,0.41526120279156903,3.554757596266693e-05,3.4251002059743273e-05,0.21993245019486882,0.34691406731367636,0.18243397995086463,0.369400698319571,0.23579025882168878,0.3452927399676162,0.037498470244004184,-0.022486631005894653,-0.015857808626819958,0.0016213273460601307,19682233.08664232,0.0038985635273966436,19836238.091458548,0.003998948993886517,19836237.559324857,4.4203492440527254,196.82233086642324,3.898563527396644e-08,198.33410527312458,3.997230084165856e-08
465.00000000000006,644714963440860.1,3.3973566775471255e-17,2.3960880195599045e-08,1.4404311389770605,2.8165247262740764e-10,2.0714771862410446,8.089404604947336e-10,0.0076467214522704585,2.0451768108010487e-07,8.429646943267743e-07,0.4001440196717007,3.4492899697091006e-05,3.298544231599887e-05,0.18460546547382842,0.3731819958900329,0.21685129557904137,0.3630972947595749,0.1957583314617716,0.3728767880092802,-0.03224583010521295,0.010084701130458007,-0.011152865987943184,0.00030520788075272254,19463431.76005295,0.003805751995146942,19612261.14648895,0.003901492803165132,19612263.201187484,-3.440916280479971,194.63431760052947,3.8057519951469414e-08,196.09528760010318,3.899853914275907e-08
470.0,637856293617021.2,3.3973566775471255e-17,2.3960880195599045e-08,1.4399190006559537,2.7799066455834734e-10,2.070077744765001,7.981931356029499e-10,0.00747462861858752,1.8673187390514864e-07,7.647468244629148e-07,0.388524580562839,3.3325882466362385e-05,3.1944753927795144e-05,0.16479387802542345,0.39237298319729846,0.2142186351334285,0.37372179864881006,0.17388678140555855,0.3929038418445624,-0.04942475710800506,0.01865118454848841,-0.009092903380135103,-0.0005308586472639321,19249527.464787662,0.0037163124661406316,19393413.604162384,0.0038076790710278134,19393410.53365744,1.9237839638672611,192.49527464787664,3.716312466140632e-08,193.90772113692918,3.806115522986307e-08
475.0,631142016842105.2,3.3973566775471255e-17,2.3960880195599045e-08,1.4394241152497127,2.744289281978056e-10,2.068725921776246,7.877467019671505e-10,0.007308977331373241,1.7792889936521348e-07,5.200511842142128e-07,0.378155968582364,3.344035683360245e-05,3.1964636854822175e-05,0.1985050608888747,0.3860356836702392,0.16414208146164444,0.40768724177292726,0.21074291139690873,0.3849578229494353,0.03436297942723027,-0.02165155810268804,-0.012237850508034026,0.0010778607208039026,19040354.635235727,0.0036300795989841973,19179516.834889907,0.0037173225085744793,19179520.15564375,0.7900802250214908,190.40354635235727,3.630079598984198e-08,191.7696220004671,3.7158299514005626e-08
479.99999999999994,624567620833333.4,3.3973566775471255e-17,2.3960880195599045e-08,1.4389457043280485,2.7096306756360034e-10,2.0674195432661957,7.775885845768738e-10,0.007148334622927505,1.5925472220058175e-07,5.418693779433741e-07,0.3642821470384367,3.190298987439505e-05,3.076710644029565e-05,0.17956301091154,0.4057784424979073,0.19049833709848393,0.40481273195136525,0.18904436608663314,0.40553982776923697,-0.010935326186943928,0.0009657105465420424,-0.009481355175093131,0.00023861472867031663,18835755.22346495,0.003546898260216507,18970400.609385792,0.0036302522905294807,18970399.504648473,-2.8082653775558497,188.35755223464952,3.546898260216508e-08,189.67929014717254,3.628826676013053e-08
485.0,618128779381443.2,3.3973566775471255e-17,2.3960880195599045e-08,1.4384830335005308,2.675891222666171e-10,2.066156559858156,7.677062517897445e-10,0.006993232661037836,1.390182119876131e-07,9.344854294152455e-07,0.3534220372390307,3.0282278349236376e-05,2.9275833928802762e-05,0.14584751225786388,0.4339399427154822,0.19167732596279705,0.41432986420869994,0.15087124649790115,0.43524623476076113,-0.045829813704933164,0.019610078506782258,-0.00502373424003727,-0.001306292045278934,18635578.26952094,0.0034666227657457536,18765902.59932501,0.003546305145581634,18765901.204114035,2.207913649993619,186.3557826952094,3.466622765745754e-08,187.63510439260085,3.544942704029247e-08
489.99999999999994,611821342857142.9,3.3973566775471255e-17,2.3960880195599045e-08,1.438035409421546,2.6430335107800575e-10,2.0649350382097187,7.580885094351863e-10,0.006843461345835356,1.5901806285769253e-07,5.088950605446031e-07,0.3441119463626702,2.9917306996041034e-05,2.8800662529417062e-05,0.1809650726495028,0.4264879640348876,0.1423533759895406,0.45042373380568773,0.1884416820225927,0.42621881404147305,0.0386116966599622,-0.02393576977080014,-0.007476609373089915,0.0002691499934145414,18439679.501390688,0.003389116188023783,18565867.913948223,0.0034653308630879696,18565870.73528505,0.8730532223815457,184.3967950139069,3.389116188023783e-08,185.63551778921993,3.464028079833366e-08
495.0,605641329292929.2,3.3973566775471255e-17,2.3960880195599045e-08,1.4376021770329712,2.6110221685594566e-10,2.0637531531078177,7.48724298651053e-10,0.006698181821755865,1.3591555609618553e-07,6.736424201270027e-07,0.331310060418628,2.8259480200360966e-05,2.734141941355944e-05,0.15323843949671967,0.45149490741393755,0.17858500534081911,0.4417076246661827,0.15857212018665923,0.4524693509167877,-0.025346565844099445,0.009787282747754866,-0.005333680689939557,-0.0009744435028501419,18247920.962228183,0.0033142497224672644,18370148.669574294,0.0033871861671124163,18370148.854676858,-2.486530927288742,182.47920962228184,3.3142497224672647e-08,183.67905333224815,3.385939763176063e-08
500.0,599584916000000.0,3.3973566775471255e-17,2.3960880195599045e-08,1.437182717023018,2.5798237270259586e-10,2.0626091801927213,7.396033741605084e-10,0.006557561378567736,1.251221304787312e-07,4.5840975911867976e-07,0.3227652086158859,2.669539405410538e-05,2.587417321262035e-05,0.1344756764978887,0.47281357585538925,0.14979768274814323,0.46760974845401126,0.1369194353184372,0.4746927604745496,-0.015322006250254538,0.005203827401377981,-0.0024437588205485083,-0.0018791846191603678,18060170.662662923,0.003241902107352556,18178603.58927551,0.0033117373876437543,18178601.340290256,-0.3367221778593125,180.60170662662927,3.241902107352556e-08,181.76429996617117,3.310544300923793e-08
505.00000000000006,593648431683168.2,3.3973566775471255e-17,2.3960880195599045e-08,1.4367764434818984,2.5494064923569385e-10,2.061501489253774,7.307160631454624e-10,0.006421627531322802,1.321219904686941e-07,5.187917351532298e-07,0.3128378022643368,2.618073830361334e-05,2.5445935342279934e-05,0.16408947041170105,0.4665476961528044,0.1333060128079312,0.4867788137283365,0.1679327145471651,0.4673307204572317,0.030783457603769854,-0.020231117575532087,-0.0038432441354640523,-0.0007830243044272822,17876302.256212287,0.0031719590920406653,17991097.630233243,0.003238858895703105,17991097.21091518,2.34298129836684,178.76302256212284,3.1719590920406644e-08,179.88990886721487,3.237716264185472e-08
510.0,587828349019607.9,3.3973566775471255e-17,2.3960880195599045e-08,1.436382801736908,2.519740428714995e-10,2.0604285380456058,7.220530050380497e-10,0.006289961036131492,1.0514059368125126e-07,5.499521767551692e-07,0.3024203362492509,2.4517213295227176e-05,2.3817589380133398e-05,0.11437066060508526,0.5035344787864776,0.15728752035966737,0.48234907104452945,0.11556979234556912,0.5062273298444746,-0.04291685975458211,0.02118540774194816,-0.0011991317404838608,-0.002692851057996992,17696194.735997625,0.0031043129489428333,17807501.636526767,0.0031684315498243447,17807503.11136887,1.156561454713311,176.96194735997625,3.104312948942833e-08,178.05458997937754,3.167336696616239e-08
514.9999999999999,582121277669903.0,3.3973566775471255e-17,2.3960880195599045e-08,1.4360012663512478,2.4907970502655e-10,2.059388866578618,7.136059824531755e-10,0.006162258029373692,7.587440442323968e-08,5.426293348844991e-07,0.2952750404027587,2.3963101797804514e-05,2.3393939954871886e-05,0.14147640534951625,0.4969837210326749,0.10656569922986105,0.5199162766508525,0.14276544180037837,0.4988505574168797,0.0349107061196552,-0.022932555618177586,-0.0012890364508621188,-0.0018668363842048175,17519732.151125126,0.0030388620251251344,17627692.01531685,0.0031003459764368945,17627693.261244778,-0.4832583655157634,175.19732151125126,3.038862025125135e-08,176.2571087837199,3.099296394814608e-08
520.0000000000001,576523957692307.6,3.3973566775471255e-17,2.3960880195599045e-08,1.435631339272443,2.4625493215524353e-10,2.05838109184222,7.05366219424785e-10,0.0060384456922453434,7.036122870895143e-08,5.476104027587499e-07,0.28461156699547485,2.279255354309702e-05,2.2308248460183177e-05,0.12052705295253481,0.5162759992264456,0.1441364478150123,0.5051401241260024,0.12084948462765625,0.5188843463867961,-0.023609394862477498,0.011135875100443227,-0.0003224316751214429,-0.0026083471603505215,17346803.341236856,0.002975510329881407,17451550.43457363,0.003034494762369739,17451551.071141712,-1.046989440020553,173.46803341236856,2.975510329881407e-08,174.49628328246828,3.0334881045606793e-08
525.0,571033253333333.4,3.3973566775471255e-17,2.3960880195599045e-08,1.4352725481175945,2.434971565487025e-10,2.0574039029233395,6.973262063349603e-10,0.005918347908728905,7.389645986541232e-08,5.395104473131184e-07,0.27823222738930803,2.1884525066213957e-05,2.1428260256505964e-05,0.1117438503228218,0.5275777720997764,0.10067117646642004,0.537192027460212,0.11183807568588268,0.5305217531225072,0.01107267385640176,-0.009614255360435586,-9.422536306087637e-05,-0.002943981022730746,17177301.68786795,0.0029141671549844095,17278963.54066613,0.0029707801276125352,17278962.935383733,-1.12130230078964,171.77301687867953,2.9141671549844094e-08,172.7709811811668,2.9698141918752637e-08
529.9999999999999,565646147169811.4,3.3973566775471255e-17,2.3960880195599045e-08,1.4349244445839149,2.408039378278726e-10,2.056456056486385,6.894783971365901e-10,0.005801918405496958,3.961639491065051e-08,9.604251410892726e-07,0.2687590718264492,2.1388696625334714e-05,2.11065211082296e-05,0.1255927788529827,0.5253309112232589,0.12532564259272058,0.5279588000725953,0.12536949402835873,0.5279323304361855,0.00026713626026211856,-0.0026278888493364017,0.00022328482462397048,-0.002601419212926559,17011124.88136318,0.0028547467246624074,17109822.694281567,0.0029091079593367613,17109822.03991041,-0.17387100883395198,170.11124881363176,2.8547467246624076e-08,171.0801172536136,2.908180679918403e-08
535.0,560359734579439.3,3.3973566775471255e-17,2.3960880195599045e-08,1.4345866029740963,2.3817295507046617e-10,2.0555363725840836,6.818156985453898e-10,0.005688908859625378,7.684132395183669e-08,7.033360961537029e-07,0.2623246893682444,2.0328790195452846e-05,1.991275050841851e-05,0.09367211126934404,0.5493374269842143,0.10140139809308671,0.5477883070460552,0.09312620116908492,0.5528328902674057,-0.007729286823742673,0.0015491199381590937,0.0005459101002591171,-0.003495463283191391,16848174.702212177,0.002797167872647283,16944023.723278396,0.0028493896762697476,16944022.432543956,0.17376390501149003,168.48174702212182,2.7971678726472836e-08,169.42265087566585,2.848499113492577e-08
540.0000000000001,555171218518518.44,3.3973566775471255e-17,2.3960880195599045e-08,1.434258618827041,2.3560199951728413e-10,2.05464373077153,6.743313919773451e-10,0.005579274348130163,8.226626583668497e-08,5.943359920826571e-07,0.2541729249104495,2.005193147761287e-05,1.9705982726526927e-05,0.12550665292749671,0.5361880737247438,0.1126620708587061,0.5466388977464084,0.1255747217436609,0.5386841405336245,0.01284458206879062,-0.01045082402166464,-6.806881616419624e-05,-0.0024960668088807036,16688356.815758795,0.0027413537439057987,16781466.691198695,0.002791541639806651,16781465.736848056,1.0003532161244693,166.88356815758794,2.7413537439057987e-08,167.79758371521518,2.7906859710477708e-08
545.0,550077904587156.0,3.3973566775471255e-17,2.3960880195599045e-08,1.433940107645358,2.33088967808732e-10,2.053777066498381,6.670193417155294e-10,0.0054728108232971456,8.981369236036034e-08,5.229481158979256e-07,0.2477887225753824,1.9203367934164658e-05,1.8853992409524412e-05,0.08716432597363004,0.5664027976322399,0.10283718016819456,0.5596165666317403,0.08622204143028643,0.5699804672037365,-0.015672854194564517,0.006786231000499576,0.0009422845433436078,-0.0035776695714966333,16531580.579326287,0.0026872315189017987,16622055.680276105,0.002735485772451182,16622054.792439071,1.2029273725635763,165.31580579326288,2.6872315189017995e-08,166.20395756673145,2.7346632835760347e-08
550.0,545077196363636.4,3.3973566775471255e-17,2.3960880195599045e-08,1.4336307037118157,2.3063185570705346e-10,2.0529353677564393,6.598730564247033e-10,0.005369438949627244,1.0595666014066816e-07,6.413816987846294e-07,0.24056569564561037,1.919631087825562e-05,1.8946207383352357e-05,0.12511404248805116,0.5516032824494542,0.10906042979387809,0.564488969654344,0.1259596820735878,0.5537817989856415,0.016053612694173075,-0.012885687204889806,-0.0008456395855366283,-0.0021785165361872805,16377758.860879293,0.002634732158447492,16465698.58787398,0.0026811454833733325,16465698.237197893,1.7117251477951876,163.77758860879294,2.634732158447492e-08,164.6408523197582,2.6803545619792186e-08
555.0,540166590990991.0,3.3973566775471255e-17,2.3960880195599045e-08,1.4333300589876563,2.2822875226402339e-10,2.052117671961989,6.52887026623114e-10,0.005269000071896778,9.995224453747309e-08,7.070687320042e-07,0.23456524763537398,1.8438018581665722e-05,1.8225691613995582e-05,0.08721221300381495,0.5871811082444613,0.10372935418255924,0.5791640156695675,0.08624202919249742,0.5904642058592212,-0.016517141178744296,0.008017092574893803,0.0009701838113175265,-0.0032830976147598667,16226807.868414577,0.0025837901673896237,16312306.935379254,0.002628450981153076,16312306.920224363,1.6330097096137681,162.2680786841458,2.5837901673896244e-08,163.10738405164392,2.6276901087238096e-08
559.9999999999999,535343675000000.06,3.3973566775471255e-17,2.3960880195599045e-08,1.4330378420862988,2.2587783439759915e-10,2.0513230630540993,6.460556942567513e-10,0.005171353812760149,8.594931753342308e-08,8.03498049324953e-07,0.22784163648469252,1.8562399141723273e-05,1.8270275045990923e-05,0.12644811975469955,0.5754730736460493,0.1132435956561749,0.5869667511782899,0.1282023399768122,0.5770651750329986,0.013204524098524656,-0.01149367753224062,-0.0017542202221126624,-0.0015921013869493184,16078646.989337455,0.0025343433755438192,16161795.688657664,0.0025773348510476817,16161795.361738829,1.3526550564903144,160.78646989337457,2.5343433755438196e-08,161.6027032355953,2.5766025969231418e-08
565.0,530606120353982.3,3.3973566775471255e-17,2.3960880195599045e-08,1.4327537373165484,2.2357736184441558e-10,2.050550668791798,6.393737857662547e-10,0.005076477445071273,5.5676651265547675e-08,6.972280009767729e-07,0.2225313147813615,1.794409688726774e-05,1.7766176576086956e-05,0.09054827119124818,0.6168114577721495,0.10264497859025863,0.6108144804741567,0.08989449754391862,0.6194935179433333,-0.012096707399010448,0.005996977297992867,0.0006537736473295613,-0.0026820601711837755,15933198.639139785,0.0024863327344403644,16014083.089250378,0.0025277332618515295,16014083.162654337,0.8911115376353866,159.33198639139783,2.4863327344403643e-08,160.1259930558772,2.5270282772613385e-08
570.0,525951680701754.3,3.3973566775471255e-17,2.3960880195599045e-08,1.4324774437899332,2.2132567245803302e-10,2.0497996582345652,6.328362721882735e-10,0.004984157215853804,5.696781939598796e-08,5.407661639996958e-07,0.21594189955512988,1.8094695628158645e-05,1.778299127725832e-05,0.12749629929384254,0.6097739469283341,0.12245434613422768,0.6159395112692433,0.13007169651716574,0.6105929774080797,0.005041953159614865,-0.006165564340909202,-0.0025753972233232003,-0.0008190304797456305,15790388.118749263,0.0024397021285788674,15869090.495558413,0.0024795856470952228,15869089.895629553,0.6787569328890178,157.90388118749266,2.4397021285788678e-08,158.6764678226462,2.478906659681723e-08
575.0,521378187826086.94,3.3973566775471255e-17,2.3960880195599045e-08,1.4322086745872629,2.1912117782557016e-10,2.049069239391922,6.264383153790393e-10,0.004894375980179302,6.906476342236852e-08,7.621941311167498e-07,0.2115163063356731,1.7869291660073925e-05,1.7509627670756903e-05,0.09653698819878545,0.6528490768401929,0.09840982918280892,0.6532921993158293,0.09646958618370546,0.6546980986305956,-0.0018728409840234744,-0.00044312247563638163,6.7402015079987e-05,-0.001849021790402694,15650143.479968416,0.0023943982000095786,15726742.233321922,0.002432834349496994,15726741.166302864,0.20546480522163535,156.50143479968418,2.3943982000095788e-08,157.2533714795105,2.432180158298602e-08
580.0,516883548275862.1,3.3973566775471255e-17,2.3960880195599045e-08,1.4319471559799226,2.1696235917780122e-10,2.048358657029162,6.201753946491791e-10,0.00480709526384338,6.018315901608382e-08,5.582035657400638e-07,0.20484921418277677,1.8037773825626837e-05,1.78162016644884e-05,0.12419595090199899,0.6524379646751497,0.13248225503754868,0.648658203389941,0.12724895474395326,0.6525712330938311,-0.00828630413554969,0.003779761285208738,-0.0030530038419542688,-0.00013326841868144257,15512395.398466628,0.0023503701851672076,15586965.454756714,0.0023874249788252626,15586964.960913198,-0.7951708475087038,155.1239539846663,2.350370185167208e-08,155.85597619745545,2.3867944494951038e-08
585.0,512465740170940.1,3.3973566775471255e-17,2.3960880195599045e-08,1.4316926267017993,2.148477635700048e-10,2.047667190617376,6.140430621677063e-10,0.004722148297935584,6.699395278101448e-08,4.922807763514381e-07,0.20122859613383678,1.7919443127834068e-05,1.760374588290037e-05,0.10678422655575986,0.6865260669505574,0.0938396611735032,0.6979353672028932,0.10763143749736823,0.6873127779407281,0.012944565382256662,-0.011409300252335774,-0.0008472109416083617,-0.0007867109901706915,15377077.05382922,0.0023075697629802525,15449690.005760398,0.002343305334639274,15449689.892058896,-1.0264283318140974,153.7707705382922,2.3075697629802527e-08,154.4835810492803,2.3426973952578874e-08
590.0000000000001,508122810169491.44,3.3973566775471255e-17,2.3960880195599045e-08,1.4314448372680797,2.127760003128341e-10,2.046994152416927,6.080371598024536e-10,0.004639492771279652,8.261644383316887e-08,5.903781637559811e-07,0.19467328207656637,1.8179276537807193e-05,1.7810145337596823e-05,0.11342682959876504,0.6993592405840653,0.13650167095415486,0.6832731819567959,0.11633149914000353,0.6992335336454368,-0.023074841355389814,0.016086058627269417,-0.002904669541238483,0.00012570693862845594,15244124.016204864,0.002265950913366166,15314848.300646387,0.0023004261305997237,15314849.019374872,-1.0390006554058688,152.44124016204864,2.265950913366166e-08,153.13551075913932,2.2998397675708238e-08
595.0,503852870588235.3,3.3973566775471255e-17,2.3960880195599045e-08,1.4312035493374775,2.1074573763427626e-10,2.046338885684458,6.021537740172645e-10,0.004559039152884793,1.27300698564765e-07,5.933326077050602e-07,0.1912555507718312,1.8518109107993448e-05,1.8080981350909954e-05,0.1214569937907207,0.710729491566797,0.09773552298481739,0.7312273841768385,0.12359527081671852,0.7102697195314726,0.02372147080590331,-0.020497892610041535,-0.002138277025997823,0.000459772035324435,15113474.139126914,0.002225469785301527,15182375.203905549,0.002258740699299564,15182377.059461184,-0.5384323204393834,151.13474139126916,2.225469785301527e-08,151.81111452220185,2.2581749535847382e-08
600.0,499654096666666.7,3.3973566775471255e-17,2.3960880195599045e-08,1.430968535114727,2.0875569955538947e-10,2.0457007629943265,5.963890415829624e-10,0.004480567089145871,8.180173592163678e-08,7.219487081520946e-07,0.18558461939209625,1.8611495166937047e-05,1.8061899485670607e-05,0.09828974796321241,0.7442556803029337,0.12654257226697416,0.7227349698376231,0.10041853783654789,0.7443510808643377,-0.028252824303761748,0.021520710465310566,-0.0021287898733354793,-9.54005614040021e-05,14985067.458115246,0.002186084573727365,15052207.91853359,0.002218204157340275,15052209.05819509,0.4683333400475184,149.85067458115248,2.1860845737273657e-08,150.50976488982505,2.2176581211393344e-08
604.9999999999999,495524723966942.2,3.3973566775471255e-17,2.3960880195599045e-08,1.4307395767904412,2.068046629639747e-10,2.045079184666137,5.907392397829728e-10,0.004404137053943282,1.153102713217487e-07,6.24608190566945e-07,0.18134306178881007,1.914323733153029e-05,1.853979554020211e-05,0.13278623402716086,0.7290272879106368,0.11620746426483845,0.7444126205604698,0.13617811975575725,0.7275914686861655,0.016578769762322407,-0.015385332649832995,-0.003391885728596389,0.0014358192244712242,14858846.094694281,0.002147755404614004,14924285.880497059,0.0021787736618135546,14924286.489338968,1.6118026629038507,148.58846094694283,2.147755404614004e-08,149.23085671597818,2.17824647538883e-08
610.0,491463045901639.4,3.3973566775471255e-17,2.3960880195599045e-08,1.430516466015667,2.0489145487166323e-10,2.0444735772906997,5.852006962077012e-10,0.004329600204778535,9.656020077787604e-08,6.729699023997646e-07,0.17737636520301978,1.9053463979308613e-05,1.849222811381521e-05,0.09343995250278508,0.7739098544755942,0.10427685897119839,0.7659517344625231,0.0948841330705367,0.7739836517023871,-0.010836906468413302,0.007958120013071168,-0.0014441805677516129,-7.379722679290435e-05,14734754.165488694,0.002110444227567678,14798550.658942465,0.00214040799424145,14798549.760131283,1.113013706260155,147.34754165488695,2.1104442275676782e-08,147.97380616097465,2.1398988430383305e-08
615.0,487467411382113.75,3.3973566775471255e-17,2.3960880195599045e-08,1.4302990034086838,2.0301494984111334e-10,2.0438833923473863,5.797702935590654e-10,0.004256999657933061,1.1917162176130382e-07,5.489698383676619e-07,0.17194533184175584,1.957821481830661e-05,1.9047758160669983e-05,0.12644075788708412,0.7548321469650715,0.13541958782416127,0.7488375303980316,0.13005741420822933,0.7534818600375371,-0.00897882993707716,0.005994616567039923,-0.0036166563211452174,0.001350286927534361,14612737.696083004,0.002074114715413795,14674945.861782596,0.0021030693235503345,14674944.115456624,0.09578761996799731,146.12737696083002,2.074114715413795e-08,146.73804974886409,2.1025774350810957e-08
620.0,483536222580645.2,3.3973566775471255e-17,2.3960880195599045e-08,1.4300869980917859,2.0117406757109332e-10,2.0433081049064072,5.744447011679953e-10,0.004186367238981572,1.1075971019169397e-07,4.693234443750615e-07,0.16915389743652048,1.979208315974022e-05,1.919485588648706e-05,0.11222361147005164,0.7767145187233867,0.09512375997916882,0.7922605951219155,0.11395564216025811,0.7757724191034071,0.01709985149088282,-0.015546076398528785,-0.0017320306902064708,0.0009420996199795972,14492744.539353017,0.0020387321702391077,14553417.046320543,0.002066720301690136,14553416.49027663,-1.5109239468121254,144.92744539353015,2.038732170239108e-08,145.52304347509488,2.0662449432839743e-08
625.0,479667932800000.06,3.3973566775471255e-17,2.3960880195599045e-08,1.4298802672559698,1.9936777062823398e-10,2.042747212410048,5.692207557662368e-10,0.004117557119614038,1.164575766131052e-07,4.93302381779904e-07,0.1640129768794518,2.0066518166481078e-05,1.9394288076650158e-05,0.10182256064428052,0.7915508488165293,0.12790509955402682,0.7705850614803963,0.10452547177948877,0.7912433538923509,-0.026082538909746295,0.02096578733613297,-0.0027029111352082497,0.0003074949241783642,14374724.297997966,0.002004263435418351,14433911.634596612,0.0020313254018612024,14433913.046366645,-0.910360683823667,143.7472429799797,2.0042634354183514e-08,144.32826196131015,2.0308658782412864e-08
630.0,475861044444444.44,3.3973566775471255e-17,2.3960880195599045e-08,1.4296786357516047,1.9759506231512324e-10,2.0422002335273852,5.640956679184436e-10,0.004050280669629119,1.0163706290762127e-07,5.842758776725982e-07,0.160313025859555,2.072122378246151e-05,2.0090996694089358e-05,0.1340878950095781,0.770725502957675,0.11980255542643159,0.7838229984631283,0.1364688946530784,0.7689814870626182,0.014285339583146511,-0.01309749550545336,-0.0023809996435003034,0.001744015895056794,14258628.251020694,0.0019706768131898685,14316378.833165972,0.0019968515751024292,14316379.697389366,1.172620743132443,142.58628251020693,1.9706768131898685e-08,143.1531976543617,1.996407225962977e-08
635.0000000000001,472114107086614.1,3.3973566775471255e-17,2.3960880195599045e-08,1.429481935703317,1.9585498466525087e-10,2.041666707077412,5.590662067021458e-10,0.003984585051893584,5.3022170969389554e-08,6.477226973949762e-07,0.15716505735692934,2.0509326882691687e-05,2.0094636281329777e-05,0.0954447081754763,0.8092575409204317,0.09916541855933769,0.8075518694758554,0.09749018456956808,0.8090536300240428,-0.003720710383861389,0.0017056714445762289,-0.0020454763940917775,0.00020391089638882587,14144409.283920808,0.0019379419873804522,14200769.557035359,0.0019632652874671326,14200768.885720352,0.3429593712429383,141.44409283920808,1.937941987380452e-08,141.99736006683142,1.962835485847528e-08
640.0,468425715625000.0,3.3973566775471255e-17,2.3960880195599045e-08,1.4292900061474558,1.9414661655605025e-10,2.041146191015921,5.54130052792059e-10,0.003920570529513892,1.0286539745369411e-07,6.103176116268637e-07,0.15218480988184038,2.1017623504711622e-05,2.0406701080985005e-05,0.1211366988845663,0.7912941450339728,0.13752024390573722,0.7775962706403715,0.12315586409420703,0.790546937277093,-0.016383545021170925,0.013697874393601261,-0.0020191652096407386,0.000747207756879753,14032021.822381744,0.0019060299509118812,14087036.35750647,0.0019305372524269953,14087035.353598146,-1.043042124941411,140.32021822381745,1.9060299509118814e-08,140.86027505654414,1.930121402153105e-08
645.0,464794508527131.8,3.3973566775471255e-17,2.3960880195599045e-08,1.4291026926906218,1.924690719319774e-10,2.0406382614818126,5.492842172596375e-10,0.003858285300505698,9.205221706995688e-08,5.340727891875143e-07,0.14955255777141527,2.1382823728925927e-05,2.0687031499056463e-05,0.12671202707652604,0.7908300585192128,0.10723968788595893,0.8088781644931886,0.1286414116822651,0.7894873075537358,0.01947233919056711,-0.01804810597397577,-0.0019293846057390485,0.0013427509654770908,13921421.769247284,0.0018749129377511494,13975133.35369111,0.0018986367979313924,13975134.586220447,-0.3666179532171404,139.21421769247286,1.8749129377511496e-08,139.74148414272656,1.8982343324134436e-08
649.9999999999998,461219166153846.25,3.3973566775471255e-17,2.3960880195599045e-08,1.4289198471878697,1.908214981301813e-10,2.040142511898866,5.445262792982738e-10,0.0037972757161109576,1.0463411854259996e-07,5.46975119118031e-07,0.14598482681581057,2.1215987241051546e-05,2.049426843012928e-05,0.09458348376247583,0.8218608909511365,0.109641585640602,0.8101713476309338,0.09646818091201402,0.8221583344962026,-0.015058101878126173,0.011689543320202667,-0.001884697149538192,-0.0002974435450661117,13812566.444597118,0.0018445643589931576,13865016.167479401,0.0018675361646412893,13865016.567715818,1.3963198444977862,138.12566444597118,1.8445643589931575e-08,138.6405438566317,1.867146544832484e-08
655.0000000000001,457698409160305.3,3.3973566775471255e-17,2.3960880195599045e-08,1.4287413274392866,1.8920307430190175e-10,2.039658552129281,5.398539074396191e-10,0.003737663400284468,8.370449014654874e-08,5.559927525961602e-07,0.14163317380588364,2.170256322846984e-05,2.1165106986854995e-05,0.1325429994689204,0.7922092318954302,0.138922768296984,0.786476250332799,0.1335152119784037,0.7914153128549262,-0.006379768828063598,0.005732981562631245,-0.000972212509483289,0.0007939190405040764,13705414.528743176,0.0018149587427891852,13756641.861757202,0.0018372087634077254,13756640.755012,-0.31604717282576267,137.0541452874318,1.8149587427891853e-08,137.55702512459476,1.836831476245176e-08
660.0,454230996969696.94,3.3973566775471255e-17,2.3960880195599045e-08,1.428566996903747,1.8761300992323958e-10,2.0391860076755775,5.352645412318257e-10,0.0036796724583984357,1.089691025878309e-07,5.415777101577295e-07,0.13943429463101817,2.1804579740856687e-05,2.105263198477709e-05,0.12052229156414754,0.8048235925706326,0.10333364685810399,0.8216969821586922,0.12265916397070618,0.8039872516095866,0.017188644706043546,-0.016873389588059617,-0.002136872406558646,0.0008363409610460115,13599926.007980742,0.0017860716778567223,13649968.881682826,0.0018076280548477344,13649969.281128054,-1.4309785464782558,135.9992600798074,1.7860716778567224e-08,136.49051268162583,1.807262612008587e-08
665.0,450815726315789.5,3.3973566775471255e-17,2.3960880195599045e-08,1.4283967244287403,1.860505433894343e-10,2.0387245189277063,5.307560573733619e-10,0.003623005954194855,1.3371293639793902e-07,5.573588583281706e-07,0.13587985946262282,2.1701323522089626e-05,2.0877902453819424e-05,0.09882534354789776,0.8267176528298152,0.11561379943244744,0.8128246301905873,0.0997934304577792,0.8273648674283701,-0.016788455884549677,0.013893022639227981,-0.000968086909881441,-0.0006472145985548794,13496062.12293851,0.0017578797603267243,13544956.99884569,0.001778769779387609,13544958.436355688,1.1034949420673856,134.96062122938514,1.7578797603267247e-08,135.4406045137692,1.778415715666997e-08
669.9999999999999,447451429850746.3,3.3973566775471255e-17,2.3960880195599045e-08,1.4282303839952308,1.8451494068720935e-10,2.038273740452444,5.263262492959688e-10,0.0035673695204910577,1.1637620108601017e-07,5.392746894244311e-07,0.1319970010779807,2.2176687103255368e-05,2.1471913378116032e-05,0.13717268542587677,0.7952349194381068,0.14010406164486694,0.7923860548032595,0.13752381869614733,0.7947637241628184,-0.0029313762189901726,0.002848864634847237,-0.0003511332702705594,0.000471195275288383,13393785.319382528,0.0017303605437029653,13441567.25814144,0.0017506101397649512,13441565.900888564,0.7794600447995406,133.9378531938253,1.7303605437029654e-08,134.40691132757917,1.7502670119059582e-08
675.0,444136974814814.8,3.3973566775471255e-17,2.3960880195599045e-08,1.4280678544766081,1.8300549414015817e-10,2.037833340322355,5.219728687980244e-10,0.0035133087463762396,1.535792781287391e-07,6.35105341741262e-07,0.13002082840167825,2.2514305697587573e-05,2.168251004532933e-05,0.12074125048549905,0.8105214032740735,0.10500155597928408,0.8266691441904443,0.1229821538125064,0.8100612876002955,0.01573969450621497,-0.016147740916370834,-0.002240903327007354,0.00046011567377801654,13293059.20133763,0.0017034924917253061,13339761.927208921,0.001723125920693403,13339761.82245097,-2.044307803113304,132.9305920133763,1.703492491725306e-08,133.38905604516938,1.722793306256685e-08
680.0,440871261764705.9,3.3973566775471255e-17,2.3960880195599045e-08,1.4279090194108277,1.815215212225023e-10,2.0374029994818104,5.176941707477142e-10,0.003460487502048825,1.2171349507079204e-07,5.841425790592487e-07,0.12681765627048006,2.245745876995594e-05,2.1604149421337288e-05,0.1010509449781449,0.8310408192567819,0.11525475487207949,0.818927607275882,0.10115667557532762,0.8319769071081404,-0.01420380989393459,0.012113211980899874,-0.00010573059718271827,-0.0009360878513585691,13193848.486399004,0.0016772549339442852,13239504.44828446,0.0016962962515952031,13239505.634177078,1.0927295734483922,131.93848486399006,1.677254933944285e-08,132.3866733233931,1.6959737475542458e-08
685.0000000000001,437653223357664.2,3.3973566775471255e-17,2.3960880195599045e-08,1.4277537667849267,1.8006236343689563e-10,2.0369824111477177,5.134878470954558e-10,0.00340854913448496,1.5932416235642e-07,6.937802321020771e-07,0.12314654659333105,2.307439084553309e-05,2.2493446944446032e-05,0.13767168160897233,0.799810552354169,0.1427229451160081,0.7950225031562617,0.13750270709070567,0.7998636526993594,-0.005051263507035775,0.004788049197907318,0.00016897451826666798,-5.310034519045992e-05,13096118.963114394,0.0016516280238288075,13140759.39233819,0.0016700990526135944,13140757.728053156,1.2719007070467605,130.96118963114392,1.6516280238288073e-08,131.39940909580446,1.669786274697783e-08
690.0,434481823188405.8,3.3973566775471255e-17,2.3960880195599045e-08,1.4276019888311413,1.7862738525226216e-10,2.036571280242809,5.093523426616552e-10,0.0033581992976245254,1.3648022757935295e-07,6.983492118011827e-07,0.12127882999653825,2.3297720648306967e-05,2.2418905973866414e-05,0.1271261164778316,0.8090907936987222,0.11154298662623177,0.825372707811338,0.1293375175261413,0.8088416654852039,0.01558312985159982,-0.016281914112615814,-0.002211401048309719,0.0002491282135183015,12999837.450324902,0.0016265926992419144,13043492.415366035,0.0016445153267374284,13043493.495296879,-1.4135536968991602,129.99837450324904,1.6265926992419146e-08,130.42692013614078,1.644211908011018e-08
695.0,431356054676259.0,3.3973566775471255e-17,2.3960880195599045e-08,1.427453581833918,1.7721597309793245e-10,2.0361693228594397,5.052856894025314e-10,0.003308702598134785,1.1280846026881137e-07,5.620842030028478e-07,0.11867454308101737,2.2781313836288176e-05,2.201526472614052e-05,0.10129260636644008,0.8353735192725522,0.10937393784928315,0.82870222763052,0.10104036988142123,0.8364563752804931,-0.008081331482843068,0.006671291642032173,0.00025223648501884743,-0.001082856007940891,12904971.75835935,0.0016021306451316,12947670.216718683,0.0016195253110148657,12947670.47192087,1.4397585645287816,129.0497175835935,1.6021306451316e-08,129.46887364214047,1.619230901240294e-08
700.0,428274940000000.0,3.3973566775471255e-17,2.3960880195599045e-08,1.4273084459471497,1.7582753441061516e-10,2.0357762657520513,5.012860363681378e-10,0.0032602555935198137,9.992089458886396e-08,5.875302925688544e-07,0.11512218799578543,2.335225286841332e-05,2.2703000327073136e-05,0.13281011937455478,0.8082096655198248,0.1431653821549773,0.7984199069051428,0.13190789018531998,0.8089099189117217,-0.010355262780422508,0.00978975861468201,0.0009022291892347989,-0.0007002533918969434,12811490.651983513,0.001578224258294843,12853260.499356598,0.0015951101902252245,12853259.386038061,-0.6386955912461828,128.11490651983513,1.5782242582948433e-08,128.52494683858936,1.5948244549478336e-08
705.0000000000001,425237529078014.1,3.3973566775471255e-17,2.3960880195599045e-08,1.427166485021023,1.7446149673097922e-10,2.035391845856528,4.973518092969215e-10,0.003213183088943493,1.2840167938103773e-07,5.763869579656597e-07,0.11310881414761381,2.3816418389686903e-05,2.300747538007137e-05,0.13729928468114805,0.8031207932182955,0.12441596781757044,0.8169807663078537,0.139350312494112,0.8030459842694225,0.012883316863577604,-0.013859973089558109,-0.002051027812963957,7.480894887301748e-05,12719363.815011665,0.0015548566140831885,12760231.931926955,0.0015712525668254347,12760233.459719894,0.593448493202915,127.19363815011668,1.5548566140831886e-08,127.59482659855742,1.5709751864243813e-08
710.0,422242898591549.3,3.3973566775471255e-17,2.3960880195599045e-08,1.4270276064378948,1.7311730684684202e-10,2.0350158098348254,4.934813515279656e-10,0.003166722429032188,1.0868798938628306e-07,5.719727393066284e-07,0.1112275566674253,2.3360168181757495e-05,2.2612670986239884e-05,0.1051442464004084,0.8349899237344931,0.10281070276560329,0.8381691364884933,0.10524913843287134,0.835891109030592,0.0023335436348051047,-0.003179212754000238,-0.00010489203246294432,-0.0009011852960989497,12628561.816493286,0.0015320114349275744,12668554.112564813,0.0015479352838772406,12668552.966436714,0.764632577336892,126.28561816493287,1.5320114349275747e-08,126.67820908185013,1.5476659528734834e-08
714.9999999999998,419290151048951.1,3.3973566775471255e-17,2.3960880195599045e-08,1.4268917209566647,1.7179442998017446e-10,2.0346479136433593,4.89673128698357e-10,0.0031216860503074945,1.5787085222025346e-07,5.700719983458438e-07,0.10803552346052711,2.3595117269363034e-05,2.2755253390632544e-05,0.12043479391859059,0.8229414126106847,0.13458686374146006,0.8094001013052525,0.11870558970935036,0.8242534748081748,-0.01415206982286947,0.013541311305432124,0.0017292042092402343,-0.001312062197490138,12539056.078393165,0.001509673060568846,12578197.534326853,0.0015251420538490014,12578199.074817054,-1.2514778942800988,125.39056078393165,1.5096730605688458e-08,125.77479938975952,1.5248804801400255e-08
719.9999999999999,416378413888888.94,3.3973566775471255e-17,2.3960880195599045e-08,1.4267587425651402,1.704923490153131e-10,2.0342879221237276,4.859254598610497e-10,0.0030772884099572644,1.3568636464772936e-07,5.958739648954111e-07,0.10553845001213495,2.4153519508925506e-05,2.3314175711630044e-05,0.1440703596908098,0.7997119813962308,0.1402839051691437,0.8049142197780959,0.1455081611978311,0.8000229792553653,0.003786454521666094,-0.005202238381865065,-0.0014378015070213024,-0.0003109978591344653,12450818.844687935,0.0014878264198882633,12489133.552171595,0.0015028565963018782,12489133.605175732,1.6952788470283795,124.50818844687934,1.4878264198882632e-08,124.88431123525652,1.5026025005825323e-08
725.0,413506838620689.6,3.3973566775471255e-17,2.3960880195599045e-08,1.4266285883399257,1.692105637659543e-10,2.0339356086144607,4.822369927990959e-10,0.003033901879228819,1.903654657269743e-07,6.181165788097084e-07,0.1041365424349746,2.3946135999943052e-05,2.298136345117031e-05,0.11955252790562554,0.823688086611064,0.10721759662586933,0.8366829289977985,0.12060498323462282,0.8241367608682024,0.012334931279756212,-0.01299484238673454,-0.0010524553289972816,-0.00044867425713845943,12363823.151806585,0.0014664570042397496,12401334.351405192,0.0014810640972229457,12401333.778031398,-2.2886176314493745,123.63823151806585,1.4664570042397496e-08,124.00646662781628,1.4808172121907746e-08
730.0,410674600000000.0,3.3973566775471255e-17,2.3960880195599045e-08,1.4265011783133956,1.6794859027866288e-10,2.0335907545825496,4.786062130989029e-10,0.0029916330396133886,1.5959002615204064e-07,6.166440542030377e-07,0.10179748097609913,2.3762272586766368e-05,2.280563704892686e-05,0.10645631284759105,0.8384974528998408,0.11510236593062317,0.8300379479306693,0.10450934019763396,0.8399742532404353,-0.008646053083032124,0.008459504969171472,0.0019469726499570933,-0.0014768003405944974,12278042.800346702,0.0014455508421923546,12314772.91751682,0.0014597496607904302,12314774.198819777,1.4916696390815727,122.78042800346705,1.4455508421923548e-08,123.14099557211846,1.4595097306487504e-08
734.9999999999999,407880895238095.3,3.3973566775471255e-17,2.3960880195599045e-08,1.4263764353473483,1.6670596017078072e-10,2.033253149273617,4.750318301262062e-10,0.0029498183571020414,1.8458241892865483e-07,6.057681478965556e-07,0.09890254394980973,2.4105186250674728e-05,2.3259909238280114e-05,0.13591899512812775,0.8101809818000039,0.14476506435413652,0.802881353011879,0.13589965399224757,0.8112040631303282,-0.00884606922600878,0.007299628788124846,1.9341135880174276e-05,-0.0010230813303243602,12193452.328002248,0.0014250944755977073,12229423.00733195,0.001438899481133849,12229420.797512887,-0.4592862831653198,121.93452328002247,1.4250944755977071e-08,122.28763577990688,1.438666260928034e-08
740.0000000000001,405124943243243.2,3.3973566775471255e-17,2.3960880195599045e-08,1.426254285012953,1.6548222000075733e-10,2.0329225893796403,4.715124751841848e-10,0.0029095042443888206,1.7044004786881143e-07,6.218622237818094e-07,0.0972258456158079,2.433856232452401e-05,2.3350247030309818e-05,0.13921419574140195,0.8067091689976212,0.1288865278069413,0.8184181820952436,0.1410676814692865,0.8069738890313011,0.01032766793446066,-0.0117090130976224,-0.0018534857278845462,-0.00026472003367983277,12110026.983642312,0.0014050749369029978,12145259.121416416,0.001418499896926665,12145261.158548964,0.36904679485953634,121.10026983642311,1.4050749369029976e-08,121.44613239433866,1.418273152066558e-08
745.0000000000001,402405983892617.44,3.3973566775471255e-17,2.3960880195599045e-08,1.4261346554766328,1.6427693066905832e-10,2.0325988787232343,4.680467596266981e-10,0.002869416920778462,1.208137523127707e-07,6.4521064150843e-07,0.09584694034803358,2.382153540893161e-05,2.3230956894205714e-05,0.10993412155952839,0.8367659264173357,0.10295398750203791,0.8433839583170525,0.10909624740178146,0.8376091333109786,0.0069801340574904835,-0.00661803189971677,0.000837874157746929,-0.0008432068936429227,12027742.702483755,0.001385479727635418,12062256.477667779,0.0013985375599674112,12062255.310901986,0.8745201964128524,120.27742702483756,1.385479727635418e-08,120.6162377261891,1.3983170657458541e-08
750.0,399723277333333.3,3.3973566775471255e-17,2.3960880195599045e-08,1.426017477391552,1.6308966684792158e-10,2.0322818279575383,4.6463356542446705e-10,0.002830614713054913,1.3368382373690468e-07,6.654244992628826e-07,0.09343711802634555,2.404746691599834e-05,2.3290402739084407e-05,0.1126993167831722,0.8347308410975093,0.1244200689734285,0.8237466003739667,0.11110527279506754,0.836273175575871,-0.011720752190256298,0.010984240723542538,0.001594043988104657,-0.0015423344783617177,11946576.082303863,0.0013662967979888993,11980390.986034188,0.0013790002868698697,11980392.23631825,-0.9995518683502426,119.46576082303864,1.3662967979888994e-08,119.79771100131521,1.3787858278720958e-08
755.0000000000001,397076103311258.25,3.3973566775471255e-17,2.3960880195599045e-08,1.4259026837943873,1.619200164383454e-10,2.0319712542808377,4.6127158806543936e-10,0.0027922448176781935,1.3331048432201647e-07,6.522605910260797e-07,0.09099832894880597,2.4356330481874135e-05,2.3909821490480784e-05,0.1403567843425601,0.807279358248613,0.14521723406655632,0.8046729931186903,0.1416233692341198,0.8080561752533792,-0.004860449723996213,0.0026063651299226276,-0.0012665848915597022,-0.0007768170047662837,11866504.360642161,0.0013475145274485943,11899639.224304674,0.0013598756724262028,11899638.54591609,1.4353350080978284,118.66504360642163,1.3475145274485943e-08,118.99031811881886,1.3596670421829655e-08
759.9999999999999,394463760526315.8,3.3973566775471255e-17,2.3960880195599045e-08,1.4257902100070974,1.6076758005279636e-10,2.0316669811650887,4.5795966528488767e-10,0.0027549686454484516,1.1096280758878348e-07,6.555274341598543e-07,0.08968211213797458,2.4094842605361952e-05,2.335145488215295e-05,0.13426194982677872,0.8142666026095761,0.12246461839262848,0.8265593575983572,0.13528896640803087,0.8144799756183011,0.011797331434150238,-0.01229275498878113,-0.0010270165812521492,-0.0002133730087250374,11787505.39294354,0.0013291217063928263,11819978.4149177,0.0013411520595285839,11819979.600704318,-0.5591469585001019,117.87505392943542,1.3291217063928266e-08,118.19383141937773,1.3409490600375155e-08
765.0000000000001,391885566013071.9,3.3973566775471255e-17,2.3960880195599045e-08,1.4256799935434077,1.596319705222177e-10,2.0313688380975714,4.546967224216198e-10,0.0027181792275085452,3.1221524373153814e-08,6.174878016157651e-07,0.08836473455248008,2.3458224947978845e-05,2.3286867910165625e-05,0.10666380542385748,0.8423285237019251,0.10215213176012074,0.8461336718935023,0.10514947913391502,0.8433089653042816,0.00451167366373674,-0.003805148191577179,0.0015143262899424553,-0.000980441602356441,11709557.631597156,0.0013111075186161081,11741386.402737882,0.0013228183554086872,11741386.307912707,0.35543014943568074,117.09557631597158,1.3111075186161085e-08,117.40802946324506,1.3226207967071606e-08
769.9999999999999,389340854545454.56,3.3973566775471255e-17,2.3960880195599045e-08,1.4255719740197548,1.5851281242600934e-10,2.0310766603349486,4.514814870559676e-10,0.002682351190041863,1.204955885456209e-07,6.718304628498513e-07,0.08614691990025154,2.4111794664213197e-05,2.334411380340273e-05,0.11328525246830738,0.8352889803852619,0.12519336224992897,0.8248162460566908,0.11259017003602707,0.8366992348609933,-0.011908109781621587,0.010472734328571098,0.0006950824322803084,-0.0014102544757313984,11632640.105828471,0.0012934615247205401,11663841.63375376,0.0013048631882901236,11663842.93185502,-0.5373961897922266,116.32640105828472,1.29346152472054e-08,116.63269681744715,1.3046708881733581e-08
775.0,386828978064516.1,3.3973566775471255e-17,2.3960880195599045e-08,1.4254660930704495,1.5740974164373462e-10,2.030790288669056,4.4831306580534235e-10,0.0026469360590546903,7.015714737332419e-08,6.623490625817846e-07,0.08397902344778962,2.376916395397377e-05,2.34256261006531e-05,0.13916536107441557,0.8099092561319317,0.14367346357487515,0.8077491076336227,0.14072086000266784,0.8105342166185056,-0.0045081025004595765,0.0021601484983089225,-0.001555498928252269,-0.0006249604865739,11556732.402403789,0.0012761736463262556,11587323.134651905,0.0012872765725489496,11587322.33412423,-0.14019196827326935,115.5673240240379,1.2761736463262556e-08,115.86762385173245,1.2870893560576268e-08
779.9999999999999,384349305128205.2,3.3973566775471255e-17,2.3960880195599045e-08,1.425362294266827,1.5632240492738315e-10,2.030509569203768,4.451903484467206e-10,0.0026125921711971623,1.3682955310293323e-07,6.585470229820571e-07,0.08278360908105906,2.396588784116543e-05,2.3183737192363968e-05,0.1336610133804721,0.8169857702650397,0.12252623208911843,0.8280318591863465,0.13410946375296168,0.8171012930596483,0.01113478129135366,-0.011046088921306763,-0.00044845037248958386,-0.00011552279460858017,11481814.647109121,0.0012592341510547585,11511810.493225364,0.0012700481638785821,11511811.946161127,-0.6070832473131269,114.81814647109123,1.2592341510547584e-08,115.11260654285343,1.269865863063838e-08
785.0,381901220382165.6,3.3973566775471255e-17,2.3960880195599045e-08,1.425260523040173,1.5525045949309146e-10,2.0302343531423617,4.4211235139189264e-10,0.002578479821821995,1.2573810854921813e-07,6.656133458651752e-07,0.08166387082087147,2.329000543467397e-05,2.255950476919788e-05,0.1062579660319965,0.8441985159127444,0.10044387505198146,0.8491836509184025,0.10485647428001757,0.8450181439048771,0.005814090980015035,-0.0049851350056581145,0.0014014917519789283,-0.0008196279921326433,11407867.486967016,0.001242633638241875,11437283.839576468,0.0012531682442884261,11437282.443090174,0.34471299282205287,114.07867486967015,1.2426336382418749e-08,114.3674462867807,1.2529906978465243e-08
790.0000000000001,379484124050632.9,3.3973566775471255e-17,2.3960880195599045e-08,1.4251607266082222,1.5419357263129445e-10,2.0299644965848014,4.390779921734108e-10,0.0025455916537321585,1.9753169777929663e-07,6.780128175177287e-07,0.07977849056141942,2.3654746731204995e-05,2.272226092839638e-05,0.10735654615063021,0.8418570079116924,0.11799552860613945,0.8328943727579354,0.10717148661784505,0.8431157307672036,-0.010638982455509233,0.008962635153756948,0.00018505953278516452,-0.0012587228555112073,11334872.073157169,0.0012263630253398449,11363723.828076564,0.0012366270668876694,11363726.02889934,-0.4403941210625101,113.34872073157169,1.2263630253398449e-08,113.63194971847784,1.2364541199041049e-08
795.0,377097431446540.9,3.3973566775471255e-17,2.3960880195599045e-08,1.4250628539050438,1.5315142133433192e-10,2.029699860334418,4.3608644853234863e-10,0.0025126665538695585,1.6911197643754954e-07,6.897308820961897e-07,0.07772417819035739,2.3541880893149674e-05,2.280714719953914e-05,0.1332389052145011,0.816771618068082,0.14049707530043154,0.8118919644293642,0.13471608382193376,0.817352725804069,-0.007258170085930438,0.004879653638717785,-0.0014771786074326554,-0.0005811077359870742,11262810.044608276,0.0012104135349704963,11291111.620046878,0.0012204158616430365,11291109.7307086,-0.27526967213458864,112.62810044608277,1.2104135349704963e-08,112.90592853887698,1.2202473652087872e-08
800.0,374740572500000.0,3.3973566775471255e-17,2.3960880195599045e-08,1.4249668555141317,1.5212369194060802e-10,2.029440309713488,4.33136741217305e-10,0.0024810691025725982,1.7726341905607824e-07,6.960104485241357e-07,0.07646965232362647,2.3783839731049814e-05,2.2909290539195557e-05,0.1362947248640705,0.815717539326122,0.12813238084435316,0.8237960769059526,0.1366916746057247,0.8157087106223376,0.008162344019717327,-0.00807853757983057,-0.0003969497416542178,8.828703784380387e-06,11191663.51223036,0.0011947766825939274,11219428.867126983,0.00120452564431958,11219430.802773189,0.4579064144872988,111.91663512230362,1.1947766825939273e-08,112.18919934872304,1.204361455329011e-08
