node_index,z_m
22,-9.904156479217605e-06
23,-9.880195599022006e-06
24,-9.856234718826407e-06
25,-9.832273838630808e-06
26,-9.808312958435208e-06
27,-9.78435207823961e-06
28,-9.76039119804401e-06
29,-9.736430317848411e-06
30,-9.712469437652812e-06
31,-9.688508557457213e-06
32,-9.664547677261614e-06
33,-9.640586797066015e-06
34,-9.616625916870416e-06
35,-9.592665036674817e-06
36,-9.568704156479218e-06
37,-9.544743276283619e-06
38,-9.52078239608802e-06
39,-9.496821515892421e-06
40,-9.472860635696822e-06
41,-9.448899755501223e-06
42,-9.424938875305624e-06
43,-9.400977995110025e-06
44,-9.377017114914426e-06
45,-9.353056234718827e-06
46,-9.329095354523228e-06
47,-9.305134474327629e-06
48,-9.28117359413203e-06
49,-9.25721271393643e-06
50,-9.233251833740831e-06
51,-9.209290953545232e-06
52,-9.185330073349633e-06
53,-9.161369193154034e-06
54,-9.137408312958435e-06
55,-9.113447432762836e-06
56,-9.089486552567237e-06
57,-9.065525672371638e-06
58,-9.041564792176039e-06
59,-9.01760391198044e-06
60,-8.993643031784841e-06
61,-8.969682151589242e-06
62,-8.945721271393643e-06
63,-8.921760391198044e-06
64,-8.897799511002445e-06
65,-8.873838630806846e-06
66,-8.849877750611247e-06
67,-8.825916870415648e-06
68,-8.801955990220049e-06
69,-8.77799511002445e-06
70,-8.75403422982885e-06
71,-8.730073349633251e-06
72,-8.706112469437652e-06
73,-8.682151589242053e-06
74,-8.658190709046454e-06
75,-8.634229828850855e-06
76,-8.610268948655256e-06
77,-8.586308068459657e-06
78,-8.562347188264058e-06
79,-8.538386308068459e-06
80,-8.51442542787286e-06
81,-8.490464547677261e-06
82,-8.466503667481662e-06
83,-8.442542787286063e-06
84,-8.418581907090464e-06
85,-8.394621026894865e-06
86,-8.370660146699266e-06
87,-8.346699266503667e-06
88,-8.322738386308068e-06
89,-8.298777506112469e-06
90,-8.27481662591687e-06
91,-8.25085574572127e-06
92,-8.226894865525671e-06
93,-8.202933985330072e-06
94,-8.178973105134473e-06
95,-8.155012224938874e-06
96,-8.131051344743275e-06
97,-8.107090464547676e-06
98,-8.083129584352077e-06
99,-8.059168704156478e-06
100,-8.035207823960879e-06
101,-8.01124694376528e-06
102,-7.987286063569681e-06
103,-7.963325183374082e-06
104,-7.939364303178483e-06
105,-7.915403422982884e-06
106,-7.891442542787285e-06
107,-7.867481662591686e-06
108,-7.843520782396087e-06
109,-7.819559902200488e-06
110,-7.795599022004889e-06
111,-7.77163814180929e-06
112,-7.74767726161369e-06
113,-7.723716381418092e-06
114,-7.699755501222492e-06
115,-7.675794621026893e-06
116,-7.651833740831294e-06
117,-7.627872860635695e-06
118,-7.603911980440096e-06
119,-7.579951100244497e-06
120,-7.555990220048898e-06
121,-7.532029339853299e-06
122,-7.5080684596577e-06
123,-7.484107579462101e-06
124,-7.460146699266502e-06
125,-7.436185819070903e-06
126,-7.412224938875304e-06
127,-7.388264058679705e-06
128,-7.364303178484106e-06
129,-7.340342298288507e-06
130,-7.316381418092908e-06
131,-7.292420537897309e-06
132,-7.26845965770171e-06
133,-7.244498777506111e-06
134,-7.2205378973105116e-06
135,-7.1965770171149125e-06
136,-7.1726161369193135e-06
137,-7.1486552567237144e-06
138,-7.124694376528115e-06
139,-7.100733496332516e-06
140,-7.076772616136917e-06
141,-7.052811735941318e-06
142,-7.028850855745719e-06
143,-7.00488997555012e-06
144,-6.980929095354521e-06
145,-6.956968215158922e-06
146,-6.933007334963323e-06
147,-6.909046454767724e-06
148,-6.885085574572125e-06
149,-6.861124694376526e-06
150,-6.837163814180927e-06
151,-6.813202933985328e-06
152,-6.789242053789729e-06
153,-6.76528117359413e-06
154,-6.741320293398531e-06
155,-6.717359413202932e-06
156,-6.6933985330073326e-06
157,-6.6694376528117335e-06
158,-6.6454767726161345e-06
159,-6.6215158924205354e-06
160,-6.597555012224936e-06
161,-6.573594132029337e-06
162,-6.549633251833738e-06
163,-6.525672371638139e-06
164,-6.50171149144254e-06
165,-6.477750611246941e-06
166,-6.453789731051342e-06
167,-6.429828850855743e-06
168,-6.405867970660144e-06
169,-6.381907090464545e-06
170,-6.357946210268946e-06
171,-6.333985330073347e-06
172,-6.310024449877748e-06
173,-6.286063569682149e-06
174,-6.26210268948655e-06
175,-6.238141809290951e-06
176,-6.214180929095352e-06
177,-6.190220048899753e-06
178,-6.166259168704154e-06
179,-6.1422982885085545e-06
180,-6.1183374083129555e-06
181,-6.0943765281173564e-06
182,-6.070415647921757e-06
183,-6.046454767726158e-06
184,-6.022493887530559e-06
185,-5.99853300733496e-06
186,-5.974572127139361e-06
187,-5.950611246943762e-06
188,-5.926650366748163e-06
189,-5.902689486552564e-06
190,-5.878728606356965e-06
191,-5.854767726161366e-06
192,-5.830806845965767e-06
193,-5.806845965770168e-06
194,-5.782885085574569e-06
195,-5.75892420537897e-06
196,-5.734963325183371e-06
197,-5.711002444987772e-06
198,-5.687041564792173e-06
199,-5.663080684596574e-06
200,-5.639119804400975e-06
201,-5.6151589242053755e-06
202,-5.5911980440097765e-06
203,-5.5672371638141774e-06
204,-5.543276283618578e-06
205,-5.519315403422979e-06
206,-5.49535452322738e-06
207,-5.471393643031781e-06
208,-5.447432762836182e-06
209,-5.423471882640583e-06
210,-5.399511002444984e-06
211,-5.375550122249385e-06
212,-5.351589242053786e-06
213,-5.327628361858187e-06
214,-5.303667481662588e-06
215,-5.279706601466989e-06
216,-5.25574572127139e-06
217,-5.231784841075791e-06
218,-5.207823960880192e-06
219,-5.183863080684593e-06
220,-5.159902200488994e-06
221,-5.135941320293395e-06
222,-5.111980440097796e-06
223,-5.0880195599021965e-06
224,-5.0640586797065975e-06
225,-5.0400977995109985e-06
226,-5.016136919315399e-06
227,-4.9921760391198e-06
228,-4.968215158924201e-06
229,-4.944254278728602e-06
230,-4.920293398533003e-06
231,-4.896332518337404e-06
232,-4.872371638141805e-06
233,-4.848410757946206e-06
234,-4.824449877750607e-06
235,-4.800488997555008e-06
236,-4.776528117359409e-06
237,-4.75256723716381e-06
238,-4.728606356968211e-06
239,-4.704645476772612e-06
240,-4.680684596577013e-06
241,-4.656723716381414e-06
242,-4.632762836185815e-06
243,-4.608801955990216e-06
244,-4.584841075794617e-06
245,-4.5608801955990175e-06
246,-4.5369193154034185e-06
247,-4.5129584352078195e-06
248,-4.48899755501222e-06
249,-4.465036674816621e-06
250,-4.441075794621022e-06
251,-4.417114914425423e-06
252,-4.393154034229824e-06
253,-4.369193154034225e-06
254,-4.345232273838626e-06
255,-4.321271393643027e-06
256,-4.297310513447428e-06
257,-4.273349633251829e-06
258,-4.24938875305623e-06
259,-4.225427872860631e-06
260,-4.201466992665032e-06
261,-4.177506112469433e-06
262,-4.153545232273834e-06
263,-4.129584352078235e-06
264,-4.105623471882636e-06
265,-4.081662591687037e-06
266,-4.057701711491438e-06
267,-4.0337408312958385e-06
268,-4.0097799511002395e-06
269,-3.9858190709046405e-06
270,-3.961858190709041e-06
271,-3.937897310513442e-06
272,-3.913936430317843e-06
273,-3.889975550122244e-06
274,-3.866014669926645e-06
275,-3.842053789731046e-06
276,-3.818092909535447e-06
277,-3.794132029339848e-06
278,-3.770171149144249e-06
279,-3.74621026894865e-06
280,-3.722249388753051e-06
281,-3.698288508557452e-06
282,-3.674327628361853e-06
283,-3.650366748166254e-06
284,-3.6264058679706548e-06
285,-3.6024449877750557e-06
286,-3.5784841075794567e-06
287,-3.5545232273838576e-06
288,-3.5305623471882586e-06
289,-3.5066014669926596e-06
290,-3.4826405867970605e-06
291,-3.4586797066014615e-06
292,-3.4347188264058624e-06
293,-3.4107579462102634e-06
294,-3.3867970660146643e-06
295,-3.3628361858190653e-06
296,-3.3388753056234662e-06
297,-3.314914425427867e-06
298,-3.290953545232268e-06
299,-3.266992665036669e-06
300,-3.24303178484107e-06
301,-3.219070904645471e-06
302,-3.195110024449872e-06
303,-3.171149144254273e-06
304,-3.147188264058674e-06
305,-3.123227383863075e-06
306,-3.0992665036674758e-06
307,-3.0753056234718767e-06
308,-3.0513447432762777e-06
309,-3.0273838630806786e-06
310,-3.0034229828850796e-06
311,-2.9794621026894806e-06
312,-2.9555012224938815e-06
313,-2.9315403422982825e-06
314,-2.9075794621026834e-06
315,-2.8836185819070844e-06
316,-2.8596577017114853e-06
317,-2.8356968215158863e-06
318,-2.8117359413202872e-06
319,-2.787775061124688e-06
320,-2.763814180929089e-06
321,-2.73985330073349e-06
322,-2.715892420537891e-06
323,-2.691931540342292e-06
324,-2.667970660146693e-06
325,-2.644009779951094e-06
326,-2.620048899755495e-06
327,-2.596088019559896e-06
328,-2.572127139364297e-06
329,-2.5481662591686977e-06
330,-2.5242053789730987e-06
331,-2.5002444987774997e-06
332,-2.4762836185819006e-06
333,-2.4523227383863016e-06
334,-2.4283618581907025e-06
335,-2.4044009779951035e-06
336,-2.3804400977995044e-06
337,-2.3564792176039054e-06
338,-2.3325183374083063e-06
339,-2.3085574572127073e-06
340,-2.2845965770171082e-06
341,-2.260635696821509e-06
342,-2.23667481662591e-06
343,-2.212713936430311e-06
344,-2.188753056234712e-06
345,-2.164792176039113e-06
346,-2.140831295843514e-06
347,-2.116870415647915e-06
348,-2.092909535452316e-06
349,-2.068948655256717e-06
350,-2.044987775061118e-06
351,-2.0210268948655187e-06
352,-1.9970660146699197e-06
353,-1.9731051344743207e-06
354,-1.9491442542787216e-06
355,-1.9251833740831226e-06
356,-1.9012224938875235e-06
357,-1.8772616136919245e-06
358,-1.8533007334963254e-06
359,-1.8293398533007264e-06
360,-1.8053789731051273e-06
361,-1.7814180929095283e-06
362,-1.7574572127139293e-06
363,-1.7334963325183302e-06
364,-1.7095354523227312e-06
365,-1.6855745721271321e-06
366,-1.661613691931533e-06
367,-1.637652811735934e-06
368,-1.613691931540335e-06
369,-1.589731051344736e-06
370,-1.5657701711491369e-06
371,-1.5418092909535378e-06
372,-1.5178484107579388e-06
373,-1.4938875305623398e-06
374,-1.4699266503667407e-06
375,-1.4459657701711417e-06
376,-1.4220048899755426e-06
377,-1.3980440097799436e-06
378,-1.3740831295843445e-06
379,-1.3501222493887455e-06
380,-1.3261613691931464e-06
381,-1.3022004889975474e-06
382,-1.2782396088019483e-06
383,-1.2542787286063493e-06
384,-1.2303178484107503e-06
385,-1.2063569682151512e-06
386,-1.1823960880195522e-06
387,-1.1584352078239531e-06
388,-1.134474327628354e-06
389,-1.110513447432755e-06
390,-1.086552567237156e-06
391,-1.062591687041557e-06
392,-1.0386308068459579e-06
393,-1.0146699266503588e-06
394,-9.907090464547598e-07
395,-9.667481662591608e-07
396,-9.427872860635617e-07
397,-9.188264058679627e-07
398,-8.948655256723636e-07
399,-8.709046454767646e-07
400,-8.469437652811655e-07
401,-8.229828850855665e-07
402,-7.990220048899674e-07
403,-7.750611246943684e-07
404,-7.511002444987693e-07
405,-7.271393643031703e-07
406,-7.031784841075713e-07
407,-6.792176039119722e-07
408,-6.552567237163732e-07
409,-6.312958435207741e-07
410,-6.073349633251751e-07
411,-5.83374083129576e-07
412,-5.59413202933977e-07
413,-5.354523227383779e-07
414,-5.114914425427789e-07
415,-4.875305623471799e-07
416,-4.635696821515808e-07
417,-4.3960880195598176e-07
418,-4.156479217603827e-07
419,-3.9168704156478367e-07
420,-3.677261613691846e-07
421,-3.437652811735856e-07
422,-3.1980440097798654e-07
423,-2.958435207823875e-07
