wavelength_nm,frequency_Hz,witness1_Ex,witness1_Ey,witness1_Ez,witness2_Ex,witness2_Ey,witness2_Ez,Rraw,Traw,Pbottom,Ptop,Pin,one_minus_Rraw_Traw,R_control,T_control,A_net,one_minus_R_T_control,incident_interference_correction,A_direct_corrected,TMM_R,TMM_T
350,856549880000000,0.14154187909988344,5.3707160534800354e-06,6.3168764808617771e-06,0.14154765568633218,5.7558684042186721e-06,6.5157886217126728e-06,0.051587172766392207,0.31380359670636609,0.94880871399568478,0.3159236150456276,7.8927624095237583e-14,0.63460923052724172,0.051587173233938487,0.31380359859703061,0.63288510118520325,0.63460922816903098,-5.9043880895615075e-11,0.6346092281099871,0.042998356325251383,0.34264839851286694
355,844485797183098.62,0.1505022204464872,4.1125818182182873e-06,6.2994828283457601e-06,0.15050594697810774,4.0677850313655149e-06,5.7450357061544037e-06,0.053997409883085434,0.31438178942446288,0.94623286446325672,0.31091873000773779,7.9037278561035233e-14,0.63162080069245174,0.053997410350252732,0.31438179123259669,0.6353141365973547,0.63162079841715058,4.6223802563361005e-11,0.63162079846337438,0.063547409190172724,0.33632533559763972
359.99999999999994,832756827777777.88,0.13469637765057177,3.9883674432282368e-06,6.4857907395317548e-06,0.13469383893189074,4.4658648241496048e-06,5.536163826609798e-06,0.094234810750992978,0.3125647345788366,0.90364510066919568,0.30909371923809087,7.9142442319881715e-14,0.59320045467017046,0.094234811530269358,0.31256473629711606,0.5945513833469821,0.59320045217261463,6.6609384674620742e-11,0.59320045223922402,0.10418743176577626,0.32134847658084192
365,821349200000000,0.13483900943874566,3.7051814641618424e-06,5.0957555504820866e-06,0.13483584792077974,4.521035325297315e-06,4.9984730167581496e-06,0.11682564220762261,0.30654538447211804,0.88572943392741443,0.30658825035939841,7.9243356662161615e-14,0.57662897332025942,0.11682564313217482,0.30654538608484827,0.57914118535399306,0.57662897078297692,-3.3799407717083341e-11,0.57662897074917752,0.12148753557505881,0.31381349118212587
370.00000000000006,810249886486486.38,0.13930219454704232,4.0794451730976914e-06,4.3808706917081877e-06,0.13930292239756917,4.3968268598454703e-06,5.537926843621967e-06,0.10689528206316745,0.29829424171537439,0.89379763691836078,0.30104691158008834,7.9340246928015842e-14,0.59481047622145811,0.10689528287369617,0.29829424321896086,0.59275072708965137,0.59481047390734298,-8.7745921639736935e-11,0.59481047381959706,0.11935580052304973,0.31267812805805595
375,799446554666666.62,0.14442862350651373,3.746749711247346e-06,4.0707416445039394e-06,0.14443035324352899,3.6868906844399611e-06,4.2241295800352654e-06,0.10162127874730377,0.29001982874472926,0.89621915336295188,0.29344525755546186,7.9433323752867173e-14,0.60835889250796704,0.10162127948637774,0.29001983014691196,0.60277389751575727,0.60835889036671031,-5.330114127843899e-11,0.60835889031340917,0.11663822885769144,0.31155615035465622
379.99999999999994,788927521052631.62,0.15147875999470481,3.757908957590018e-06,4.2511578216208e-06,0.15147810566335634,3.225108181064154e-06,4.2631374359385653e-06,0.1170842369390418,0.28284640970490743,0.88233694496582893,0.28570504299250526,7.9522784201224144e-14,0.60006935335605083,0.11708423775665357,0.28284641101793262,0.59663190359682761,0.60006935122541383,1.0971890063160572e-11,0.60006935123638572,0.12200735630986037,0.30775866338742441
384.99999999999989,778681709090909.25,0.1472424621775611,3.3687015565677778e-06,4.9447935970621019e-06,0.14724407886087912,2.9803051974922191e-06,4.1935954164984097e-06,0.14224769221229902,0.27708450046955674,0.85924657042793129,0.27910473181820222,7.9608812800041273e-14,0.58066780731814416,0.14224769316700289,0.27708450170581539,0.58014184012697423,0.58066780512718164,5.7663096519888768e-11,0.58066780518484473,0.13358649235317707,0.30229932377381302
389.99999999999994,768698610256410.38,0.15119473419972254,4.2318440694043934e-06,3.4654217459502171e-06,0.15119577685793548,3.5609954612073899e-06,3.7285395043618788e-06,0.16507283345066873,0.27276200672738021,0.83675701386667434,0.27418039470953603,7.9691582481652296e-14,0.56216515982195103,0.165072834516484,0.27276200789812943,0.56257662057256097,0.56216515758538654,7.9408590814011859e-11,0.56216515766479513,0.14674203474605152,0.29705772069038183
395,758968248101265.88,0.14981158621382853,2.7009703922562802e-06,3.2701695390729285e-06,0.14981164797054683,2.9584603974111413e-06,4.2016552131272684e-06,0.18134928381121823,0.26993153609401455,0.81985033877819202,0.27113286034259443,7.9771255445186071e-14,0.54871918009476717,0.18134928493865843,0.2699315372096055,0.54871747976490248,0.54871917785173607,8.6334606130833436e-11,0.54871917793807068,0.15855353158147392,0.29321875834786015
400,749481145000000,0.1528916042807438,2.2589678702974911e-06,3.6114398277401247e-06,0.15289099922065108,2.4367325446858962e-06,3.2485548220373465e-06,0.19086354104893152,0.26876895607400192,0.80965236931232998,0.27012466738943713,7.9847983944401568e-14,0.54036750287706647,0.1908635421924475,0.26876895714446586,0.53952770318248844,0.54036750066308659,8.7016394090255744e-11,0.54036750075010298,0.1687041311542839,0.29099258322869875
405.00000000000006,740228291358024.62,0.15289387968250656,2.8058287047782516e-06,3.5856049654381999e-06,0.15289554978759012,3.0709603013339434e-06,2.8166314761789769e-06,0.19391945777441971,0.26961431755546467,0.8061628311478175,0.27140633468169517,7.9921911009021746e-14,0.53646622467011573,0.19391945889498047,0.26961431859115675,0.53475649767023814,0.53646622251386278,8.2453044392138963e-11,0.53646622259631582,0.17938313288079347,0.28965200743056918
410,731201117073170.75,0.15010322799730977,2.7372609821398182e-06,3.7769540182498856e-06,0.15010486272956838,2.011459379221056e-06,3.0764928638018545e-06,0.19077922157431224,0.27288154132674697,0.80915564710026755,0.27519811470293537,7.9993171105890931e-14,0.53633923709894082,0.19077922263839944,0.27288154233854534,0.53395753355784792,0.53633923502305525,6.6546657073729421e-11,0.53633923508960191,0.19449936919211389,0.28777171175782157
415.00000000000006,722391465060240.88,0.15429241343223249,3.632203788622642e-06,3.0657233472681399e-06,0.15429160908005707,3.8437079607579346e-06,3.2435216499033103e-06,0.18343036533809456,0.27866775442261116,0.81655342233825245,0.28123952104921951,8.006189074561241e-14,0.53790188023929431,0.18343036632635637,0.27866775542068151,0.53531390241288057,0.5379018782529621,3.1174840486869471e-11,0.53790187828413694,0.21652497858665198,0.28430523437532745
419.99999999999994,713791566666666.75,0.16192327763816303,2.5913563520717762e-06,2.8804188415238683e-06,0.16192268898478943,2.9392582455748271e-06,2.8123204404674671e-06,0.17829790413661734,0.28609809151452753,0.82197657584133266,0.28817920093989202,8.012818903973409e-14,0.53560400434885524,0.17829790506517793,0.28609809250502338,0.53379737598471533,0.53560400242979866,-2.3232527013306026e-11,0.53560400240656614,0.24101536098690449,0.28062378974221347
424.99999999999994,705394018823529.5,0.15812007888364976,3.0466431798174666e-06,4.0876122318440908e-06,0.15812142710218011,2.3240144054992888e-06,3.1010165017201907e-06,0.18539363351474622,0.29295925754328656,0.81534553875498084,0.29353208426915367,8.0192178213026254e-14,0.5216471089419672,0.18539363444868351,0.29295925852436505,0.52181345551014868,0.5216471070269515,-7.7400752473977263e-11,0.52164710694955074,0.25465424385638624,0.28152114930971078
430,697191762790697.62,0.15134865339730527,2.4872114007242241e-06,2.9167831311541088e-06,0.15134990124569223,1.9239778492097026e-06,2.9395359391199128e-06,0.20980890647280298,0.2971026426461324,0.79145685579105651,0.2956635634059237,8.0253964074932678e-14,0.49308845088106457,0.20980890749583467,0.29710264360917471,0.49579329332716116,0.49308844889499059,-9.3656526978236343e-11,0.49308844880133407,0.24355620001329875,0.29246604828050266
434.99999999999994,689178064367816.12,0.14787632372213302,3.6397101037479191e-06,3.4371259063985737e-06,0.14787517844922971,2.7553022751236694e-06,3.4022742989614084e-06,0.23763309332084226,0.30005956718366639,0.76393887967406537,0.29762839659170115,8.0313646453864723e-14,0.46230733949549135,0.23763309444308381,0.3000595681256874,0.46631048394049357,0.46230733743122882,-3.7572167599364548e-11,0.46230733739365665,0.21220816358909814,0.31224442705664673
439.99999999999994,681346495454545.5,0.1483156908250832,2.4512702425728462e-06,3.4060580019832434e-06,0.14831579325797523,3.3668354857286211e-06,3.444581586013785e-06,0.23781633364592583,0.30831562805448443,0.76348870481313136,0.30728284983903115,8.0371319597641273e-14,0.45386803829958977,0.23781633473434585,0.30831562899253029,0.45620585578770567,0.45386803627312389,5.8422933157942225e-11,0.45386803633154682,0.19846835935401899,0.32598823578680003
445,673690916853932.62,0.15216791756040035,2.2882923493742398e-06,3.2648239583902119e-06,0.15216781561177506,2.4207488026086891e-06,3.2139963493025257e-06,0.20061408767843683,0.32543826239876522,0.7997931649606751,0.32713309149555625,8.0427072543051709e-14,0.47394764992279798,0.20061408856874988,0.32543826335888099,0.47266007428250711,0.47394764807236917,7.3589800919648951e-11,0.47394764814595897,0.22681778349114887,0.32283610040910382
450,666205462222222.25,0.13994707115548763,2.446869176814519e-06,3.082400642393639e-06,0.13994686411369223,2.1266116561199687e-06,3.0735779057764644e-06,0.17232875974499468,0.3416274792001272,0.82696659945256912,0.34381968601801172,8.0480989457228596e-14,0.48604376105487807,0.17232876048699994,0.34162748017798505,0.48314691424519474,0.48604375933501498,-2.0247914456206217e-11,0.48604375931476707,0.24645210052527849,0.32307150634678783
455.00000000000006,658884523076923,0.14130651851974921,2.5623540795065937e-06,2.7946335661338574e-06,0.14130786133357284,2.4628869299145475e-06,2.7770557713795061e-06,0.19817727655290426,0.34536987607699948,0.8007155782134423,0.34462783462033747,8.0533149953256482e-14,0.45645284737009623,0.19817727738123436,0.34536987703663807,0.45608774433594629,0.45645284558212756,-7.9864448387922948e-11,0.45645284550226312,0.21207874225069945,0.34683084396516012
460.00000000000006,651722734782608.62,0.14655019627601301,3.5317750851197043e-06,3.0091054778400911e-06,0.14654900238380258,2.343668409544539e-06,2.8472856372978233e-06,0.22547141683870162,0.34981543685373934,0.77419755417030978,0.34747954212696441,8.0583629382211482e-14,0.42471314630755902,0.22547141775400556,0.34981543779777086,0.42671801271835968,0.42471314444822356,1.3578804747282902e-11,0.42471314446180236,0.18243397995086463,0.36940069831957101
465.00000000000006,644714963440860.12,0.14426032180750264,2.7111676744444609e-06,2.7129822912019008e-06,0.14426051494892858,2.5542509397453672e-06,3.5833241755988915e-06,0.18633067523482225,0.37258955192976184,0.81438264714808406,0.37333661302089377,8.0632499103618739e-14,0.44107977283541588,0.18633067596984082,0.37258955290681522,0.44104603480513771,0.4410797711233439,7.2920114391195057e-11,0.44107977119626401,0.21685129557904137,0.36309729475957492
470,637856293617021.25,0.14321258237371873,2.3829736812096792e-06,3.9597338317045976e-06,0.14321306165329359,2.1621784604752313e-06,3.5020932283554865e-06,0.15914588172281655,0.38974282350433703,0.84141323254259615,0.39202725154107204,8.0679826736128529e-14,0.45111129477284645,0.15914588233313662,0.38974282449794262,0.44938598167307653,0.45111129316892074,-3.127631487132021e-11,0.45111129313764442,0.21421863513342851,0.37372179864881006
475,631142016842105.25,0.14780060355531019,2.4365442029972465e-06,2.5768946169297438e-06,0.14780187493736127,2.6783481323842264e-06,2.8342204331640472e-06,0.19959310519445483,0.38736228025341884,0.79984067930354352,0.38590894200101489,8.0725676390044344e-14,0.41304461455212632,0.19959310593894164,0.38736228121393018,0.41393173790417093,0.41304461284712818,-4.6426196220750171e-11,0.41304461280070198,0.16414208146164444,0.40768724177292726
479.99999999999994,624567620833333.38,0.14800036370799552,2.9086855808368508e-06,2.9900725013562198e-06,0.14800187744228968,2.0536359529856322e-06,2.8934276572564909e-06,0.18346671927740568,0.40706983235003624,0.81590737583849804,0.40566080512210417,8.0770108883187464e-14,0.4094634483725581,0.18346671994331043,0.40706983333223057,0.41024657129662084,0.409463446724459,6.7255645497255045e-11,0.40946344679171465,0.19049833709848393,0.40481273195136525
485,618128779381443.25,0.15034738169214484,2.13393696400418e-06,3.0816637399190794e-06,0.15034742588838743,2.1423685558711463e-06,3.1268952042512855e-06,0.14120300127476415,0.43201567908700583,0.85925086464067935,0.43448971719474105,8.0813181941446256e-14,0.42678131963823002,0.14120300177368272,0.43201568010175545,0.42476114803076698,0.42678131812456183,-4.7619685972222214e-12,0.42678131811979986,0.19167732596279705,0.41432986420869994
489.99999999999994,611821342857142.88,0.14101329685913386,2.4649868919552216e-06,2.8246334493023257e-06,0.14101512675454034,1.9767549682799113e-06,2.9636121544111448e-06,0.18186500323506147,0.42684802899790431,0.81845099032870561,0.42623309284374761,8.0854950385237607e-14,0.3912869677670342,0.1818650038608782,0.42684802997434307,0.39221789801088275,0.3912869661647787,-4.3034797947427705e-11,0.39128696612174391,0.14235337598954059,0.45042373380568773
495,605641329292929.25,0.14744359361977835,2.6093770169325744e-06,3.1571707331323854e-06,0.14744547182538736,2.4047195499413044e-06,2.7879261076434269e-06,0.15595733567185097,0.45248309220427241,0.84347580032758496,0.45077935849979428,8.0895466302999363e-14,0.3915595721238766,0.15595733619471849,0.45248309321273988,0.39269644234081857,0.39155957059254159,6.3773986092030555e-11,0.39155957065631558,0.17858500534081911,0.44170762466618269
500,599584916000000,0.14532365358871738,2.3991405177694239e-06,3.6587492114390605e-06,0.14532463576548788,2.6645767605512781e-06,3.5039008799620015e-06,0.12959297426902597,0.4718355834765075,0.87055674088027291,0.47439245855805318,8.0934779212732278e-14,0.39857144225446656,0.12959297469249828,0.4718355845014699,0.39616428282666849,0.3985714408060318,-2.6314617151967923e-11,0.39857144077971718,0.14979768274814323,0.46760974845401126
505.00000000000006,593648431683168.25,0.14620206112709466,2.5068386428252325e-06,3.9283884780089636e-06,0.14620221953329188,2.5095789655223647e-06,3.6477360359832822e-06,0.1677880618781997,0.4666789868576221,0.83267215117863069,0.46522418613429573,8.0972936212521989e-14,0.36553295126417817,0.1677880624127972,0.46667898784607914,0.36744796550053976,0.36553294974112366,-3.0091484859440243e-12,0.36553294973811451,0.1333060128079312,0.48677881372833648
510,587828349019607.88,0.15233769697318222,2.2568517383459363e-06,4.0013834956631094e-06,0.15233918403811283,2.4337577872916239e-06,3.8438246996625596e-06,0.11348983962111174,0.50396305125897478,0.88603046234830618,0.50354836466735864,8.100998212089064e-14,0.38254710911991352,0.11348983997381105,0.50396305230014082,0.38248209814413514,0.38254710772604816,4.4032000268146021e-11,0.38254710777008016,0.15728752035966737,0.48234907104452945
514.99999999999989,582121277669903,0.15635196043967711,2.6271935341373215e-06,4.5355532675545476e-06,0.15635370400077914,2.864086712684743e-06,3.3653122471071694e-06,0.13988117580340767,0.49618365070036097,0.86042117183731048,0.49816867651562524,8.1045959607755349e-14,0.36393517349623139,0.13988117622758098,0.49618365170059164,0.36225249574973434,0.36393517207182735,-4.5953796323772167e-11,0.36393517202587355,0.10656569922986105,0.51991627665085249
520.00000000000011,576523957692307.62,0.1531625734791067,2.169226674935469e-06,3.5699877926530318e-06,0.15316250320956992,2.2089697093646545e-06,3.5130536025632476e-06,0.12301716639044594,0.51699572549695949,0.87719409177423691,0.51440375229077273,8.1080909316703572e-14,0.3599871081125946,0.12301716675455897,0.51699572651421755,0.36279033990189563,0.35998710673122347,5.0848991683949407e-11,0.35998710678207246,0.14413644781501231,0.5051401241260024
525,571033253333333.38,0.16515705960331495,2.2920024222929276e-06,3.4939029699792681e-06,0.16516025179832519,2.3895093899884229e-06,3.2344670076116827e-06,0.1079098265478209,0.52787827852616265,0.89169034891097976,0.53016460901986939,8.1114869979236766e-14,0.36421189492601647,0.10790982685968364,0.52787827954033084,0.36152574029824674,0.36421189359998551,-2.8165803023227909e-11,0.36421189357181971,0.10067117646642004,0.537192027460212
529.99999999999989,565646147169811.38,0.15780413022995776,2.1745865290729647e-06,3.6878032382874781e-06,0.15780348902667818,2.3111359395825421e-06,3.4912971344701972e-06,0.12888022718040174,0.52442979049378868,0.87170383891121839,0.52299965086888556,8.1147878521578691e-14,0.34668998232580961,0.12888022754420128,0.52442979147788338,0.34870418842589096,0.34668998097791537,2.3178348129704318e-11,0.34668998100109372,0.12532564259272058,0.52795880007259532
535,560359734579439.31,0.16476446214421211,2.3672389096017716e-06,3.8011771838162184e-06,0.16476518496015319,2.6159823018504025e-06,3.4173111937030701e-06,0.090510806294443524,0.55099243657316943,0.90905353856954196,0.55134501729827767,8.1179970164595822e-14,0.35849675713238704,0.090510806544067901,0.55099243758336602,0.35770852165569139,0.35849675587256613,9.0449869816211503e-13,0.35849675587347063,0.10140139809308671,0.54778830704605519
540.00000000000011,555171218518518.44,0.1572328959125632,2.1623227587582179e-06,3.7058608678162268e-06,0.15723058159483663,2.2381548985985843e-06,3.7277489508575021e-06,0.12831808993796615,0.53401316366858498,0.87197164123516091,0.53459515857645212,8.1211178517332184e-14,0.3376687463934489,0.12831809028384067,0.53401316462546244,0.33737648301306794,0.33766874509069689,-1.3874457138740581e-12,0.33766874508930944,0.1126620708587061,0.54663889774640839
545,550077904587156,0.15847702009723924,2.37336667143899e-06,3.5651903248582322e-06,0.15847734930908142,2.4021078855666629e-06,3.383897187369704e-06,0.084872581955295762,0.56857794169684539,0.91504947476455001,0.56719906521800423,8.1241535664619778e-14,0.34654947634785882,0.084872582178947359,0.56857794269286588,0.34785040990373245,0.34654947512818679,1.8546941760178015e-11,0.34654947514673373,0.10283718016819456,0.55961656663174031
550,545077196363636.38,0.14932152126819415,2.4338267551571874e-06,3.4862633998148816e-06,0.1493216456874146,2.8194156246898207e-06,3.1672330589308013e-06,0.12752239631810167,0.54917246891783134,0.87230965861185661,0.55102671244123547,8.127107224919028e-14,0.32330513476406697,0.12752239664671955,0.54917246985860924,0.32128294649324057,0.32330513349467116,-1.4193979325227701e-11,0.32330513348047718,0.10906042979387809,0.56448896965434403
555,540166590990991,0.15344158224646881,2.7421060150710753e-06,3.8150986189818001e-06,0.15344354983414327,2.2107018313915561e-06,3.5809973161335035e-06,0.085180991361062067,0.58925382620584266,0.91509156854033324,0.58701434113875917,8.1299817548676797e-14,0.32556518243309529,0.085180991575780962,0.58925382719326669,0.32807722772383069,0.32556518123095235,2.5071611453597598e-11,0.32556518125602396,0.10372935418255924,0.57916401566956754
559.99999999999989,535343675000000.06,0.15214817713722953,3.2351795878252313e-06,3.0835642471773831e-06,0.15214845280155481,2.4732876757597462e-06,4.4262890420647643e-06,0.12895634288461721,0.57316722094123451,0.87052640881242016,0.57554186800479135,8.1327799547867147e-14,0.29787643617414827,0.1289563432026799,0.57316722188101199,0.2949845410911382,0.29787643491630811,-1.7843060362565666e-11,0.29787643489846505,0.11324359565617489,0.58696675117828989
565,530606120353982.31,0.15319868847960882,3.7004348969356967e-06,3.4957738480063769e-06,0.15319743906433975,3.0339978928579136e-06,3.2347426753075162e-06,0.088201175714386071,0.61881906118381269,0.91229036072031766,0.61627628872396134,8.1355045006538908e-14,0.29297976310180118,0.088201175927299549,0.61881906217685134,0.29601407227480125,0.29297976189584907,2.3666624215934462e-11,0.29297976191951569,0.10264497859025863,0.61081448047415665
570,525951680701754.31,0.14852313889621904,2.0890069685191669e-06,4.0020504039840625e-06,0.14852043837578793,2.5994026060994357e-06,3.5190139187583892e-06,0.13045458831815709,0.60735456104394459,0.86883247251145712,0.60988520656975664,8.1381579523182374e-14,0.26219085063789827,0.13045458862644774,0.60735456199809523,0.25894726618015768,0.262190849375457,-1.4062973008321933e-11,0.26219084936139403,0.12245434613422768,0.61593951126924329
575,521378187826086.94,0.14443408929256404,2.8214612315865302e-06,3.372312700640352e-06,0.1444363069870489,2.7740793683168563e-06,3.2239444329141662e-06,0.093587170850706808,0.65527851447831775,0.90702629423167136,0.65268028793876398,8.1407427594893772e-14,0.25113431467097547,0.093587171067277652,0.65527851548637062,0.25434600652226158,0.25113431344635173,1.4451329022335813e-11,0.25113431346080306,0.098409829182808925,0.65329219931582927
580,516883548275862.12,0.14550187695213282,2.8387261529896377e-06,3.5248907395566979e-06,0.14550116004664693,3.2662398498129773e-06,3.4435330627211575e-06,0.12734607415862362,0.64953360875514443,0.8718625302977403,0.65201353589505218,8.1432612673698923e-14,0.22312031708623192,0.12734607444726567,0.64953360973384389,0.21984899459686463,0.22312031581889047,-2.1910251390977464e-12,0.22312031581669944,0.13248225503754868,0.64865820338994096
585,512465740170940.12,0.148096486243878,2.0097006708165437e-06,3.3780321853498685e-06,0.14809480274474437,3.0737968915138974e-06,3.5054002651594441e-06,0.10364718678832473,0.68976721277689002,0.89699899748586887,0.68738060139859125,8.1457157219548183e-14,0.20658560043478524,0.1036471870184832,0.68976721379511952,0.2096183962686608,0.2065855991863973,-3.8039571492731739e-12,0.20658559918259334,0.093839661173503203,0.69793536720289318
590.00000000000011,508122810169491.44,0.14944983306529491,2.3550515803681987e-06,3.5360407499568487e-06,0.14944640634658327,2.9739342967772674e-06,3.3465214473002368e-06,0.11578548652621434,0.69600091268202313,0.88346317683752507,0.69803651307740933,8.1481082750205753e-14,0.18821360079176253,0.11578548677816847,0.69600091368884076,0.18542666391734655,0.18821359953299077,1.7190027179481149e-11,0.1882135995501808,0.13650167095415486,0.68327318195679587
595,503852870588235.31,0.15125503023656103,2.0456693795964452e-06,3.4068918036095537e-06,0.15125567516120328,2.8151732915242481e-06,3.6400274219222742e-06,0.11985228806909168,0.71406781641043837,0.88071388859295308,0.71247445495215556,8.1504409888239066e-14,0.16607989552046998,0.1198522883247215,0.71406781742289949,0.16823943378062456,0.16607989425237901,-2.6963653532163789e-11,0.16607989422541536,0.097735522984817386,0.73122738417683852
600,499654096666666.69,0.1518053826417618,3.101498069890916e-06,3.7922079727050325e-06,0.15180589716658752,3.7947147600975401e-06,3.7386106735636883e-06,0.098616687188053345,0.7413205071323955,0.90089231888315735,0.7421553109081146,8.1527158405299203e-14,0.16006280567955111,0.098616687394263991,0.74132050816287731,0.15873700810438399,0.1600628044428587,3.5673464182650605e-11,0.16006280447853216,0.12654257226697416,0.72273496983762309
604.99999999999989,495524723966942.19,0.15325702229122085,3.2907942331707924e-06,3.371245346466406e-06,0.15325724166163951,2.9795079648349895e-06,3.7302859936570176e-06,0.13457582277933688,0.73038381384208906,0.86565566466745714,0.7304461025836384,8.154934726386938e-14,0.13504036337857406,0.13457582305527929,0.73038381483766912,0.13520956219185187,0.13504036210705161,-3.8302250260358051e-11,0.13504036206874936,0.11620746426483845,0.74441262056046975
610,491463045901639.38,0.1563790408140695,2.4524324979547773e-06,3.7610204679445907e-06,0.1563791002463798,2.979791183530286e-06,3.6416551957399383e-06,0.091073388624091117,0.77346144109048964,0.90899994737914025,0.77232287230417807,8.1570994656645127e-14,0.13546517028541927,0.091073388807249453,0.77346144212455392,0.13667707518207195,0.13546516906819661,3.3160252321806638e-11,0.13546516910135686,0.10427685897119839,0.76595173446252307
615,487467411382113.75,0.15977896193238186,3.0175273294822839e-06,3.9623828571505749e-06,0.15977846466623571,2.7564583731936752e-06,3.4316202453590919e-06,0.12993352184266127,0.75315228408259327,0.86968264463032507,0.75527465829319818,8.1592118043698659e-14,0.11691419407474546,0.12993352209900996,0.75315228507038734,0.11440798642508268,0.11691419283060267,-1.8564927373176943e-11,0.11691419281203774,0.13541958782416127,0.74883753039803158
620,483536222580645.19,0.15953977519832993,3.0481566028627139e-06,3.9622023033474363e-06,0.15954221411523847,2.224546462456623e-06,3.4979003922636481e-06,0.10939891799200456,0.77954895162097015,0.8914302725137333,0.77674905370044056,8.1612734187568498e-14,0.11105213038702533,0.10939891820378531,0.77954895262417712,0.11468121889980226,0.11105212917203755,-3.6755043453240432e-12,0.11105212916836205,0.095123759979168818,0.79226059512191549
625,479667932800000.06,0.16081197756104021,2.3601034763948164e-06,4.4674169472755571e-06,0.16081345535726424,2.6349672691822272e-06,3.4260688573873728e-06,0.10286427625269305,0.78842314459889207,0.89621079332622056,0.7913108464462606,8.1632859186405583e-14,0.10871257914841492,0.10286427644812184,0.78842314559465732,0.10489994695761996,0.10871257795722089,2.2292501178355906e-11,0.10871257797951339,0.12790509955402682,0.77058506148039629
630,475861044444444.44,0.15619771450171155,2.9029250816197122e-06,3.4529672868084768e-06,0.15619748243240836,2.9053852577629496e-06,3.4521863146768592e-06,0.13595011170079069,0.77238608377622631,0.86516472739595096,0.77022887679925978,8.1652508505297722e-14,0.091663804522983061,0.13595011195432624,0.77238608473378945,0.094935850665681429,0.091663803311884284,-3.7122194207483972e-11,0.09166380327476209,0.11980255542643159,0.78382299846312831
635.00000000000011,472114107086614.12,0.1545391285192021,2.3473224010311702e-06,3.5013915297203093e-06,0.15453808500289251,2.7392854609738901e-06,4.4217099411899606e-06,0.092622631591377555,0.80886526304297157,0.90675477797431392,0.80961429531142393,8.1671697005886062e-14,0.098512105365650915,0.092622631760965454,0.80886526402749848,0.097140482732196845,0.098512104211536111,3.0243363369208964e-11,0.098512104241779475,0.099165418559337692,0.80755186947585544
640,468425715625000,0.15108574618221238,3.0511369422605417e-06,4.1277010536976161e-06,0.15108398650764013,2.7158009966137238e-06,4.195552926241904e-06,0.12426471822992285,0.78938800443981205,0.87596709235379977,0.79047435192125237,8.1690438974378725e-14,0.086347277330265149,0.12426471845334452,0.78938800538331155,0.085492740492444375,0.086347276163343922,-1.2095768830988618e-11,0.086347276151248153,0.13752024390573722,0.77759627064037151
645,464794508527131.81,0.15103749198827485,3.2605576997267692e-06,4.2295110844843706e-06,0.1510367863499994,3.0225590198737989e-06,3.9909163993647155e-06,0.12570712016694818,0.79347294072625707,0.8749970013423124,0.79097882701867428,8.1708748148060607e-14,0.080819939106794747,0.12570712038892959,0.79347294165771343,0.084018174381451469,0.080819937953356957,-1.9576118504005535e-11,0.080819937933780839,0.10723968788595893,0.80887816449318861
649.99999999999977,461219166153846.25,0.15276423822159546,2.6706169261506792e-06,4.240711127800431e-06,0.15276559367696546,3.2250123710326253e-06,4.068519669318294e-06,0.09321917164933996,0.81965553477192266,0.90580638681784864,0.82261380711380849,8.1726637740389368e-14,0.087125293578737328,0.093219171811043319,0.81965553571711203,0.083192579760273833,0.08712529247184464,3.2240210501299771e-11,0.08712529250408485,0.109641585640602,0.81017134763093379
655.00000000000011,457698409160305.31,0.15072852883675139,3.0378164950886117e-06,4.1284932657334678e-06,0.15072909880530677,2.6940994820596605e-06,4.7827427567860327e-06,0.13620364570223817,0.79174064041739001,0.86499347007828353,0.78987254194556034,8.1744120464765358e-14,0.072055713880371797,0.13620364593437062,0.79174064131441346,0.075120928182612359,0.072055712751215917,-2.9938718171251821e-11,0.072055712721277199,0.13892276829698399,0.786476250332799
660,454230996969696.94,0.14546211000372158,3.3814731652626311e-06,4.1032367205790632e-06,0.14546139470433658,3.105935369709823e-06,4.7926174465935986e-06,0.11819202388937272,0.80682141311075739,0.88147354818630896,0.80666595499295857,8.1761208557052393e-14,0.074986562999869832,0.11819202408731713,0.80682141400902596,0.074807593242170525,0.074986561903656934,-2.2284396550276142e-12,0.074986561901428495,0.10333364685810399,0.82169698215869225
665,450815726315789.5,0.15111621555606111,3.2651989604381931e-06,4.1345185230704388e-06,0.15111795230038402,3.0897434874182955e-06,4.7777426969134775e-06,0.098247583227088028,0.82441066807849017,0.90134028231538132,0.82669325962229301,8.177791379692556e-14,0.077341748694421786,0.09824758338880589,0.82441066898058757,0.074647022740967503,0.077341747630606528,2.4883317628621171e-11,0.077341747655489845,0.11561379943244744,0.81282463019058726
669.99999999999989,447451429850746.31,0.15387519563353719,3.2572205455670587e-06,3.8801113683187979e-06,0.15387881816201093,3.7073717870117612e-06,4.2042154672440605e-06,0.14080823488086999,0.79531360303697629,0.86048095369339561,0.79240948490590579,8.1794247528114643e-14,0.063878162082153689,0.14080823510870313,0.79531360389243866,0.068071468830409071,0.063878160998858236,-3.4563463202630373e-11,0.063878160964294772,0.14010406164486694,0.79238605480325952
675,444136974814814.81,0.15384006323693097,3.0671584319894651e-06,4.3332822431787347e-06,0.15384266948143138,4.0257114250050853e-06,3.8345580527090813e-06,0.11824944936261131,0.81192893274346278,0.8808011791999738,0.81359135658491832,8.1810220677607844e-14,0.069821617893925936,0.11824944955072085,0.81192893360208751,0.067209822656717724,0.069821616847191681,4.0545344859310717e-12,0.069821616851246215,0.10500155597928408,0.82666914419044435
680,440871261764705.88,0.14987437217765368,3.1865380675645043e-06,4.4231261943558072e-06,0.14987641987230821,2.9858050711643605e-06,4.283128448837777e-06,0.10033409773425332,0.82920456209547588,0.8997650441779711,0.83014361657349967,8.1825843773876764e-14,0.070461340170270836,0.10033409789119993,0.82920456295773692,0.069621427646908415,0.070461339151063118,2.201949733660058e-11,0.070461339173082616,0.11525475487207949,0.81892760727588199
685.00000000000011,437653223357664.19,0.14499431443020439,3.3594773879771969e-06,4.3030076648361104e-06,0.14499418609001855,3.2110461159696011e-06,4.8543344357907357e-06,0.14128366976501039,0.79972066074757064,0.85981162557800239,0.79694089620064235,8.1841126964178546e-14,0.058995669487418967,0.14128366998235781,0.79972066156542232,0.062870729415048579,0.058995668452219818,-3.4081959476850443e-11,0.058995668418137859,0.14272294511600811,0.79502250315626166
690,434481823188405.81,0.14213208536674499,4.4911437181975862e-06,4.834175580985772e-06,0.14213183412151692,3.6474981675857983e-06,4.3922348024397743e-06,0.12536106251801815,0.81022113534427975,0.87343444276058346,0.81262981751802732,8.1856080030988933e-14,0.064417802137702096,0.1253610627077108,0.8102211361592937,0.060804625278408901,0.064417801132995445,1.2645440250480533e-13,0.064417801133121899,0.11154298662623177,0.82537270781133798
695,431356054676259,0.14370018978851912,5.4539997707278347e-06,4.9519350381759281e-06,0.14369972346904628,4.1325117729513795e-06,5.082589485155346e-06,0.099642083564969619,0.83425892606346841,0.90061066811783652,0.8344140260651961,8.1870712407615064e-14,0.066098990371561972,0.099642083713296831,0.83425892688903569,0.066196642091038732,0.066098989397667451,2.5436208694884499e-11,0.06609898942310366,0.10937393784928315,0.82870222763052004
700,428274940000000,0.14441933401687518,5.3547799724557738e-06,4.9126741042103882e-06,0.14441888900642574,3.5490237963546418e-06,4.9671426364598766e-06,0.13597821957158013,0.80771614891857513,0.86504728020946908,0.80512280024880456,8.1885033193034778e-14,0.056305631509844689,0.13597821977073971,0.8077161497050126,0.059924479994865165,0.056305630524247641,-2.9159785697174812e-11,0.056305630495087855,0.14316538215497729,0.79841990690514275
705.00000000000011,425237529078014.12,0.14031574797510701,4.0715573771818156e-06,4.8350817546251257e-06,0.1403171022696221,3.0428865586357642e-06,5.0800769551935557e-06,0.13747370021419053,0.80367123966549292,0.86122944272038815,0.80619762194036282,8.1899051166006107e-14,0.058855060120316494,0.13747370041232845,0.80367124043550964,0.055031820810932559,0.058855059152161937,-1.244715441828248e-11,0.058855059139714783,0.12441596781757044,0.81698076630785366
710,422242898591549.31,0.14186253386752234,3.3117070913505856e-06,4.5190995882171473e-06,0.14186660035291923,3.1333376056594084e-06,5.3825444194406291e-06,0.10224918346528436,0.83505460048734448,0.89775447549734189,0.8352012754740612,8.1912774798486921e-14,0.062696216047371189,0.10224918361032358,0.83505460127477849,0.06255320005785657,0.06269621511489798,2.9477309482217606e-11,0.062696215144375289,0.10281070276560329,0.83816913648849334
714.99999999999977,419290151048951.12,0.13856239320909911,3.7781204377392228e-06,5.0777314265309634e-06,0.13856224382852511,3.6541832851276203e-06,5.2719778639341532e-06,0.12200954499127389,0.82227222690968937,0.87916789323226097,0.81954011784706637,8.1926212268403837e-14,0.055718228099036704,0.12200954516162975,0.8222722276729143,0.059627775417636773,0.055718227165455936,-1.5007439735370554e-11,0.055718227150448496,0.13458686374146006,0.80940010130525253
719.99999999999989,416378413888888.94,0.13392123791202173,3.3813292332548301e-06,4.7349331068768839e-06,0.1339226112460859,3.7261615613078183e-06,4.6403111464543542e-06,0.14685327705610252,0.79902043440025239,0.85199662418967159,0.80122435626451016,8.1939371471805624e-14,0.054126288543645096,0.14685327725795941,0.7990204351303678,0.050772267952356155,0.054126287611672819,-2.8378521754746089e-11,0.054126287583294297,0.14028390516914371,0.80491421977809585
725,413506838620689.62,0.13677328205113018,4.5530050406312639e-06,4.6152978801513915e-06,0.13677067220336084,5.092582970548093e-06,5.0407871349250923e-06,0.11672071999425346,0.82488478479967509,0.88267205249965208,0.82575963631642868,8.195226003443483e-14,0.058394495206071428,0.11672072015221913,0.82488478554180789,0.05691241621323713,0.058394494305972988,2.1842194719567942e-11,0.058394494327815183,0.10721759662586933,0.8366829289977985
730,410674600000000,0.1396599147888675,5.0389446749103751e-06,5.0689043294340576e-06,0.13966334213405981,6.1467059954463446e-06,4.9206811573236635e-06,0.10541721226357041,0.83837852819303726,0.89590530487638886,0.83539031241579964,8.1964885322749561e-14,0.056204259543392365,0.10541721240405798,0.83837852893578313,0.060514992492015113,0.056204258660158879,9.8381303104133622e-12,0.056204258669997009,0.11510236593062317,0.83003794793066932
734.99999999999989,407880895238095.31,0.14181039003391163,4.0561753401080595e-06,4.8924646369428538e-06,0.14181399832678146,5.3855513426049963e-06,4.555257252133421e-06,0.13908380264505649,0.80865040324426252,0.86041339799876415,0.809863933272856,8.197725445442466e-14,0.052265794110680996,0.13908380282760174,0.80865040394981358,0.050549464751761024,0.052265793222584622,-3.2983171749378926e-11,0.05226579318960145,0.14476506435413652,0.80288135301187902
740.00000000000011,405124943243243.19,0.14266266928640886,5.0221085376636805e-06,5.506124369918118e-06,0.14266519668363706,4.5895895033718735e-06,4.6422186264422755e-06,0.13981418270291432,0.80690762141556382,0.85880528861480043,0.8090077442470236,8.1989374308360236e-14,0.053278195881521828,0.13981418288365993,0.80690762210901223,0.049797544392862332,0.053278195007327889,-4.9993342798870799e-12,0.053278195002328554,0.12888652780694129,0.81841818209524364
745.00000000000011,402405983892617.44,0.14471202689156318,5.1634489011895666e-06,5.1297002281075738e-06,0.14471264666448522,4.2285690072334977e-06,6.0724075244768654e-06,0.10680683212655451,0.83847242086653473,0.89410073652944344,0.83582544738790088,8.2001251534224127e-14,0.054720747006910764,0.10680683226257121,0.83847242157636681,0.058275289170461063,0.054720746161061928,2.7794322399188331e-11,0.054720746188856251,0.10295398750203791,0.84338395831705248
750,399723277333333.31,0.13826438628133086,3.9926790584123136e-06,4.8968392902530031e-06,0.13826398314273075,3.8552974006732354e-06,5.2021101276864403e-06,0.11288775783918427,0.83380513166903136,0.88775504751592038,0.83315113028542886,8.2012892561552282e-14,0.053307110491784382,0.11288775798081897,0.83380513236447351,0.054603917257187426,0.05330710965470753,-1.0212386492014502e-11,0.053307109644495143,0.1244200689734285,0.82374660037396674
755.00000000000011,397076103311258.25,0.13610326944427192,3.7192278921936523e-06,5.2025226342124243e-06,0.13610529344839525,3.7073674413396655e-06,5.056739170874153e-06,0.14380350787335056,0.80516934007450092,0.85468099211366289,0.80810510142136383,8.2024303608431101e-14,0.051027152052148472,0.14380350805112693,0.8051693407362075,0.046575890714736015,0.051027151212665545,-3.081601640531062e-11,0.051027151181849528,0.14521723406655632,0.80467299311869034
759.99999999999989,394463760526315.81,0.13450911491082809,3.9381500447159939e-06,5.3895202860945102e-06,0.13450959110428662,3.9306509971936228e-06,6.2067494165339788e-06,0.13376907276917338,0.81579944605405263,0.86584107941297161,0.81493334642473148,8.2035490689782728e-14,0.050431481176773985,0.13376907293213805,0.81579944671473825,0.050907733012406968,0.050431480353123725,9.0764062932180423e-12,0.050431480362200132,0.12246461839262848,0.82655935759835719
765.00000000000011,391885566013071.88,0.1399127483539043,4.673988587376323e-06,6.039993149520258e-06,0.13991209365461843,5.3224732347081267e-06,5.4843513715417371e-06,0.10368637972312331,0.84409185214054017,0.89768250805686745,0.84146150493279293,8.2046459625274518e-14,0.052221768136336499,0.10368637984761575,0.84409185281426835,0.056221003150378299,0.052221767338115899,2.3701263174302767e-11,0.052221767361817162,0.10215213176012074,0.8461336718935023
769.99999999999989,389340854545454.56,0.13613526185211031,5.3735805115634334e-06,6.0659200598551465e-06,0.13613511242416554,6.0045313817419501e-06,5.772163815106783e-06,0.1137419650648013,0.83337853224416414,0.88599596724248031,0.83525754123109841,8.205721604687158e-14,0.052879502691034586,0.11374196519941064,0.83337853289981167,0.05073842603478048,0.052879501900777726,-1.7451262657175448e-11,0.052879501883326463,0.12519336224992897,0.82481624605669079
775,386828978064516.12,0.12658282304306834,5.4464407218964555e-06,6.1236321128685126e-06,0.12657923185498784,5.4053852057509739e-06,5.9298189570641657e-06,0.14258931030732647,0.80783612138685501,0.85582273095560557,0.80976632911516688,8.2067765406051033e-14,0.049574568305818523,0.14258931047367668,0.80783612201337274,0.046056401861376176,0.04957456751295064,-2.7049029682757464e-11,0.049574567485901611,0.14367346357487515,0.80774910763362273
779.99999999999989,384349305128205.19,0.12457136945019381,5.6778936332617734e-06,5.9872579558744272e-06,0.12457297687152831,4.5858709035166948e-06,6.1312292436241864e-06,0.13336167141651004,0.81924946326810699,0.86695132749507542,0.81672980245950599,8.2078112980694852e-14,0.047388865315383,0.13336167156990011,0.81924946389451314,0.050221525058078323,0.047388864535586772,1.1866729821008448e-11,0.047388864547453502,0.12252623208911843,0.82803185918634647
785,381901220382165.62,0.1296135950385679,5.7550392162492317e-06,6.8310495969421838e-06,0.12961481584120269,5.244583692847965e-06,5.2088681060784924e-06,0.10316806101954505,0.84604189435938548,0.89816504223694682,0.84478245565326737,8.2088263881677961e-14,0.050790044621069508,0.10316806113654579,0.84604189499722127,0.053382586607270167,0.050790043866232981,2.2671864385870322e-11,0.050790043888904846,0.10044387505198146,0.84918365091840253
790.00000000000011,379484124050632.88,0.13002966425098836,5.9875820011630482e-06,7.3926981348510629e-06,0.13003353530380476,5.2003428411359436e-06,5.4184786319875997e-06,0.10720674524404436,0.83950516386447627,0.89217177607023013,0.84232894537282832,8.2098223059166294e-14,0.053288090891479345,0.10720674536393601,0.83950516448859025,0.049842830719122204,0.05328809014747371,-1.5208834192037557e-11,0.053288090132264876,0.11799552860613945,0.83289437275793543
795,377097431446540.88,0.12528850372299077,4.8670489278932821e-06,5.7431498242533548e-06,0.12529504017640267,5.495003264477131e-06,5.2448672489924458e-06,0.13648045122975053,0.81462074178837507,0.86207640101714378,0.81536952230262616,8.210799530863989e-14,0.048898806981874432,0.13648045138027481,0.81462074238563753,0.04670687873459075,0.0488988062340876,-2.73966405117676e-11,0.048898806206690959,0.14049707530043154,0.81189196442936418
800,374740572500000,0.12195261994224151,4.9326399010183575e-06,6.4851683604513675e-06,0.12195922009054845,5.4425773499459224e-06,6.2268593032808803e-06,0.1373594863952303,0.81777980986064858,0.86315846431978616,0.81487067517706502,8.2117585276654284e-14,0.0448607037441211,0.13735948654465041,0.81777981045202008,0.048287789163189633,0.044860703003329561,6.2081451090989503e-12,0.044860703009537706,0.12813238084435316,0.82379607690595258
