wavelength_nm,R,T,A_PDMS,A_ITO,A_Fe2O3,A_water,TMM_R,TMM_T,TMM_A_PDMS,TMM_A_ITO,TMM_A_Fe2O3,TMM_A_water,A_net,A_direct_corrected,component_closure,one_minus_R_T_control_unadjusted,incident_interference_correction,one_minus_Rraw_Traw_source_planes,R_raw_source_planes,T_raw_source_planes,Pbottom_raw,Ptop_raw,source_power_W,source_frequency_Hz
350,0.053512179064055664,0.31732494009980222,1.6313746316605866e-07,0.091386648932976905,0.54036827303462309,3.3256948200688412e-09,0.042998356325251383,0.34264839851286694,1.5782109759365165e-07,0.090161608335934063,0.52419147572469715,3.2211092607776485e-09,0.62922610988103544,0.62916288077709814,-0.0025289785497225603,0.62916288083614202,-5.9043880895615075e-11,0.62916288323301572,0.053512178579062625,0.31732493818792162,0.94652791176763851,0.31730180410882686,7.8927624095237571e-14,856549880000000
355,0.052884025801682145,0.31944901481913424,1.6177424013933237e-07,0.082597841014950546,0.54784704479704194,3.2796563947014147e-09,0.063547409190172724,0.33632533559763972,1.5321144362924087e-07,0.07976564006993038,0.52036145866669803,3.3103392896483232e-09,0.62832014084559407,0.6276669594254074,-0.0021249100202950233,0.6276669593791836,4.6223802563361005e-11,0.62766696167399572,0.052884025344147469,0.31944901298185679,0.94778193878195527,0.31946180005461805,7.9037278561035245e-14,844485797183098.62
359.99999999999994,0.090911767641036548,0.30615775652776017,1.5368797732006221e-07,0.071685913880702626,0.53100048495107066,3.3033116518152073e-09,0.10418743176577626,0.32134847658084192,1.4588706022732408e-07,0.069313638017980309,0.50515030459100574,3.2239449987278726e-09,0.60044560291352067,0.60293047589781268,-0.0022409529095415159,0.60293047583120329,6.6609384674620742e-11,0.60293047826605761,0.090911766889240145,0.30615775484470215,0.90658726279515689,0.30614166181650709,7.914244231988174e-14,832756827777777.88
365,0.11700526152988139,0.29825883167517964,1.495622629985539e-07,0.063791067770727211,0.52523750846887896,3.0179672206552243e-09,0.12148753557505881,0.31381349118212587,1.4278502284260314e-07,0.062043267560904877,0.50265555994063382,2.9224542848438377e-09,0.58716632658167778,0.58473590676113962,-0.0018624022381585892,0.58473590679493903,-3.3799407717083341e-11,0.58473590929004748,0.11700526060390767,0.29825883010604481,0.88545214340719169,0.29828581863623915,7.9243356662161589e-14,821349200000000
370.00000000000006,0.11090115277137938,0.29876272369652374,1.4994891381824194e-07,0.058739165245877252,0.53492084029087095,2.7662860427029348e-09,0.11935580052304973,0.31267812805805595,1.429565517568442e-07,0.057041675333673221,0.5109242503500413,2.6908821928077688e-09,0.59160879865040661,0.59033612344435105,-0.0020513596015414581,0.59033612353209697,-8.7745921639736935e-11,0.5903361258789479,0.11090115193047632,0.29876272219057581,0.89034344995655113,0.29873465305414948,7.9340246928015804e-14,810249886486486.38
375,0.10431318675467403,0.29815559891101157,1.4989025515731162e-07,0.054212557778659097,0.54290506286030049,2.7299043937740605e-09,0.11663822885769144,0.31155615035465622,1.4322218073119338e-07,0.052735002866507487,0.51907047203186074,2.6138020529221156e-09,0.59527512664128757,0.59753121428101319,-0.0018426466178316225,0.59753121433431433,-5.330114127843899e-11,0.59753121653448349,0.10431318599602231,0.29815559746949422,0.89342834409678806,0.2981532191425163,7.9433323752867173e-14,799446554666666.62
379.99999999999994,0.11718840075041831,0.29284450145482727,1.4728533317416427e-07,0.049452461288826681,0.54111171492249666,2.7709947803386779e-09,0.12200735630986037,0.30775866338742441,1.4215503215228843e-07,0.048546322427493419,0.52168751312206985,2.6090919293426853e-09,0.58890576752672941,0.58996709780572631,-0.0016585587409219116,0.58996709779475442,1.0971890063160572e-11,0.58996709997253172,0.11718839993207916,0.29284450009538909,0.88177718182670362,0.29287141590245436,7.9522784201224106e-14,788927521052631.62
384.99999999999989,0.14067606833686158,0.28512527467709486,1.4305958623433158e-07,0.044842079425629178,0.53241057038057082,2.7573041636317856e-09,0.13358649235317707,0.30229932377381302,1.4002395052165002e-07,0.044588922770048403,0.51952511854004624,2.5966279531214865e-09,0.57554702880321973,0.57419865704370665,-0.0017057668198706688,0.57419865698604355,5.7663096519888768e-11,0.57419865920233337,0.14067606739270574,0.28512527340496091,0.86068730643908453,0.2851402791410933,7.9608812800041261e-14,778681709090909.25
389.99999999999994,0.16243331139802553,0.27820606124965797,1.3870718977072975e-07,0.040833643512894938,0.52226219631731774,2.6821769197535584e-09,0.14674203474605152,0.29705772069038183,1.3751135573635185e-07,0.041069685482508451,0.51513041909692125,2.5521898652827409e-09,0.56139307730655219,0.5593606274317251,-0.0017029039130271872,0.55936062735231651,7.9408590814011859e-11,0.55936062959520561,0.16243331034925271,0.27820606005554177,0.83959462541524199,0.27820154952113468,7.9691582481652283e-14,768698610256410.38
395,0.17807050132961622,0.27379035649527667,1.3495704583659775e-07,0.037561009147388608,0.51372508182361332,2.5849326867314846e-09,0.15855353158147392,0.29321875834786015,1.3501577156529082e-07,0.038059023682791272,0.51016854897732833,2.4811094939831604e-09,0.54967898385399172,0.54813914226144178,-0.0016072446589887601,0.54813914217510717,8.6334606130833436e-11,0.54813914441370215,0.17807050022256007,0.27379035536373775,0.82345479270063182,0.27377581017827435,7.9771255445186096e-14,758968248101265.88
400,0.18752271909243184,0.27231774782911206,1.319133730320458e-07,0.034956013296758064,0.50757004421305651,2.4920655194983401e-09,0.1687041311542839,0.29099258322869875,1.3253025023286589e-07,0.035493978833988013,0.50480917194822661,2.3915688009523486e-09,0.54102401796734179,0.54015953316547249,-0.0015021739479114116,0.5401595330784561,8.7016394090255744e-11,0.54015953528655447,0.18752271796893169,0.27231774674451387,0.813324864858889,0.27230084815463623,7.9847983944401568e-14,749481145000000
405.00000000000006,0.19126949794085671,0.27382965802601167,1.2951292339728713e-07,0.032912835833359626,0.50379987741076793,2.4106428044794199e-09,0.17938313288079347,0.28965200743056918,1.2966920151331219e-07,0.03321976594937321,0.49774496186495237,2.2875637782052065e-09,0.53529992581021746,0.53490084411558469,-0.0014129193574763388,0.53490084403313165,8.2453044392138963e-11,0.53490084619026446,0.19126949683560868,0.27382965697412681,0.80911502958777659,0.27381510498289863,7.9921911009021734e-14,740228291358024.62
410,0.18979431826071075,0.27823919065829167,1.2765767221620788e-07,0.031331086429425545,0.50213731922306071,2.3356123648909152e-09,0.19449936919211389,0.28777171175782157,1.2579947942746435e-07,0.031043500819463363,0.48668529032326657,2.1744017718813831e-09,0.53216376298082269,0.53196649114754424,-0.0013047726649481062,0.53196649108099758,6.6546657073729421e-11,0.53196649317125511,0.18979431720211692,0.27823918962662803,0.81039626733594905,0.27823250551174339,7.9993171105890893e-14,731201117073170.75
415.00000000000006,0.18521970991306963,0.28486897200927602,1.2601242907112972e-07,0.030067672472884607,0.5012375910357989,2.255525877379466e-09,0.21652497858665198,0.28430523437532745,1.2053800474076812e-07,0.028858275904879646,0.47031138855906901,2.0672417272896567e-09,0.53017087374746963,0.52991131810882908,-0.0011345180291688628,0.52991131807765424,3.1174840486869471e-11,0.52991132009583697,0.18521970891516745,0.28486897098899555,0.81504750410215165,0.28487663146773234,8.006189074561241e-14,722391465060240.88
419.99999999999994,0.18342435871237217,0.29168207017186298,1.2372020220943622e-07,0.028876101815769908,0.49755248393419738,2.1595759898329391e-09,0.24101536098690449,0.28062378974221347,1.1458562472123869e-07,0.026817220520065511,0.45154351215186062,1.9900987908232459e-09,0.52547053414962364,0.52489357109253232,-0.00095817748012183568,0.52489357111576485,-2.3232527013306026e-11,0.52489357308085172,0.18342435775711344,0.29168206916203493,0.8171727987792855,0.29170226569603824,8.0128189039734078e-14,713791566666666.75
424.99999999999994,0.19279090899994616,0.29553844353504777,1.1960609171041856e-07,0.027465717891365034,0.48622834468379572,2.0503569011619966e-09,0.25465424385638624,0.28152114930971078,1.0997033569259893e-07,0.025350118885561195,0.43847437594292904,1.9576762198634758e-09,0.51276369327482041,0.51167064738760526,-0.00093049095678898741,0.51167064746500601,-7.7400752473977263e-11,0.51167064942592355,0.19279090802874446,0.29553844254533196,0.80831358348577631,0.29554989121751274,8.0192178213026242e-14,705394018823529.5
430,0.21488852716460966,0.29530879501867463,1.1345947746442097e-07,0.025796059321976397,0.46654574812949873,1.9523571269096089e-09,0.24355620001329875,0.29246604828050266,1.0873545261414789e-07,0.024846592877469535,0.43913104804493791,1.9546817380680804e-09,0.49139911185082308,0.48980267772305913,-0.0009428110124866107,0.48980267781671566,-9.3656526978236343e-11,0.48980267982174336,0.21488852611680967,0.295308794061447,0.78669249633805205,0.29529338542090822,8.0253964074932678e-14,697191762790697.62
434.99999999999994,0.23492461781034524,0.29583869354503056,1.0736735536162167e-07,0.024338343502038791,0.44733528469127548,1.8937632002899769e-09,0.21220816358909814,0.31224442705664673,1.1021473597915719e-07,0.025068455745729901,0.45047884141958461,1.9366322896981418e-09,0.47096988869064083,0.46923668860705203,-0.00070384876379198102,0.4692366886446242,-3.7572167599364548e-11,0.46923669068284451,0.23492461670089468,0.29583869261626078,0.76679905350321043,0.29582916567927342,8.0313646453864723e-14,689178064367816.12
439.99999999999994,0.23086921029598179,0.3057882680453321,1.0449581839035483e-07,0.023753004439391066,0.44150959650014715,1.8716629655792432e-09,0.19846835935401899,0.32598823578680003,1.0911384738218236e-07,0.024783492881253401,0.45075980104973712,1.8727662893427588e-09,0.46460169473227203,0.4633425217171091,-0.00066101257474754371,0.46334252165868617,5.8422933157942225e-11,0.46334252364566747,0.23086920923935686,0.3057882671149757,0.77040930573353106,0.30580761182983779,8.0371319597641247e-14,681346495454545.5
445,0.19874735868057275,0.3274597144489419,1.0529885809039173e-07,0.024078859790455227,0.45058859076544233,1.8466666330927606e-09,0.22681778349114887,0.32283610040910382,1.0212966860339971e-07,0.023296989267912946,0.42704902297247177,1.8032837057937485e-09,0.47398964484264294,0.4737929269440751,-0.00067791285877938368,0.4737929268704853,7.3589800919648951e-11,0.47379292871859346,0.19874735779854413,0.3274597134828624,0.80143912911097781,0.32744948508802241,8.0427072543051709e-14,673690916853932.62
450,0.17751237017091662,0.34538545100603191,1.0462952784035786e-07,0.024116301033186203,0.45246881406005046,1.7920368203992576e-09,0.24645210052527849,0.32307150634678783,9.6092257376123171e-08,0.02218767335821421,0.40828862189084592,1.7663684587794623e-09,0.47611656128314167,0.47710217880280359,-0.00046866023165964554,0.4771021788230515,-2.0247914456206217e-11,0.47710218057599058,0.17751236940659199,0.34538545001741744,0.82149844064936794,0.34538188016506793,8.0480989457228609e-14,666205462222222.25
455.00000000000006,0.20229834198868801,0.34460032086062475,9.8278033445844304e-08,0.022924908056148222,0.42959677447180394,1.7449923058305855e-09,0.21207874225069945,0.34683084396516012,9.6879915428325186e-08,0.022731713670871907,0.41835860143431897,1.7191699759915713e-09,0.45195566610328025,0.45310133707082278,-0.00056611644769766212,0.45310133715068723,-7.9864448387922948e-11,0.45310133895374266,0.20229834114313294,0.3446003199031244,0.79656848253592083,0.34461281716875203,8.0533149953256482e-14,658884523076923
460.00000000000006,0.21993245019486882,0.34691406731367636,9.2767839983635008e-08,0.02205459763512083,0.41131564450991098,1.7185903495052145e-09,0.18243397995086463,0.36940069831957101,9.7225267400251127e-08,0.023170864075950301,0.42499435878615993,1.6557655340011792e-09,0.43307977632668504,0.4331534825050336,-0.00029056030477708772,0.4331534824914548,1.3578804747282902e-11,0.43315348432047501,0.21993244930205039,0.34691406637747463,0.77997814425637002,0.34689836861476281,8.0583629382211469e-14,651722734782608.62
465.00000000000006,0.18460546547382842,0.37318199589003292,9.3657858323141605e-08,0.022747271613761652,0.42078960649279912,1.6578268989368964e-09,0.21685129557904137,0.36309729475957492,8.988764823182201e-08,0.021857639512362675,0.39819367868096106,1.6533322562972753e-09,0.44311200454606831,0.4422125387090588,-0.000424968876177656,0.44221253863613869,7.2920114391195057e-11,0.4422125403429587,0.18460546474561532,0.37318199491142595,0.81631088056566325,0.37319887670071805,8.0632499103618739e-14,644714963440860.12
470,0.16479387802542345,0.39237298319729846,9.2763077459889679e-08,0.022992640020256822,0.42050288295023913,1.5961120838477662e-09,0.21421863513342851,0.37372179864881006,8.6618502394763592e-08,0.021647315273982001,0.39041216266353429,1.6304664389167624e-09,0.44326792173849433,0.44283313874600178,-0.00022769559119117933,0.44283313877727809,-3.127631487132021e-11,0.442833140409569,0.16479387739344348,0.39237298219698757,0.83562493910623981,0.39235701803015521,8.0679826736128516e-14,637856293617021.25
475,0.19850506088887471,0.38603568367023922,8.5794307942864623e-08,0.021807489521005564,0.39307997191461846,1.6149658313853198e-09,0.16414208146164444,0.40768724177292726,8.881697679752268e-08,0.02277699783244137,0.4053935885486612,1.5209229212572107e-09,0.41468457953480525,0.41545925539445983,-0.00020296931009256003,0.41545925544088602,-4.6426196220750171e-11,0.41545925713853632,0.19850506014844635,0.3860356827130173,0.80073176685580671,0.38604718792373799,8.0725676390044344e-14,631142016842105.25
479.99999999999994,0.17956301091154001,0.40577844249790729,8.4531812135790299e-08,0.022144236243201391,0.3922313185589415,1.5724740025790177e-09,0.19049833709848393,0.40481273195136525,8.3003175698179101e-08,0.021860196218041125,0.38282865026417801,1.5320118055383577e-09,0.41415365652112934,0.41465854665780832,-0.00022198438529968945,0.41465854659055268,6.7255645497255045e-11,0.41465854822136705,0.17956301025980403,0.40577844151882891,0.81992978113259607,0.40577612519721967,8.0770108883187489e-14,624567620833333.38
485,0.14584751225786388,0.4339399427154822,8.5168859082669031e-08,0.022924222433640222,0.39793671122953039,1.4678722023934408e-09,0.19167732596279705,0.41432986420869994,7.9510364330037413e-08,0.021665812321902452,0.37232691644694899,1.544525233609358e-09,0.42081670103123836,0.42021254502189198,-4.4319268663550737e-05,0.42021254502665395,-4.7619685972222214e-12,0.42021254656125268,0.14584751174253469,0.43393994169621269,0.8547464838829345,0.43392978343109395,8.0813181941446244e-14,618128779381443.25
489.99999999999994,0.18096507264950279,0.42648796403488759,7.8760465437175573e-08,0.021848884401259774,0.37084998606109493,1.5188544629683798e-09,0.14235337598954059,0.45042373380568773,8.1319459315255617e-08,0.02284509510895831,0.38437771232962153,1.4036976259258001e-09,0.39265572668398291,0.39254696327257482,-4.322405769169313e-05,0.39254696331560962,-4.3034797947427705e-11,0.39254696491394464,0.18096507202678283,0.42648796305927256,0.81916294177740856,0.42650721561993749,8.0854950385237581e-14,611821342857142.88
495,0.15323843949671967,0.45149490741393755,7.8244158819515944e-08,0.022467082840672069,0.37226206603604278,1.4752428637356724e-09,0.17858500534081911,0.44170762466618269,7.5046424009223301e-08,0.021764423906634873,0.35794286964424882,1.4594645430370482e-09,0.39467545815599647,0.39526665315311676,-5.3770440120060048e-05,0.39526665308934278,6.3773986092030555e-11,0.39526665460935989,0.15323843898296763,0.45149490640767248,0.84615711184685993,0.45148165420647679,8.089546630299935e-14,605641329292929.25
500,0.13447567649788869,0.47281357585538925,7.7429802172987854e-08,0.022899624293872597,0.37008909236883919,1.368608517283997e-09,0.14979768274814323,0.46760974845401126,7.4531398211546342e-08,0.022423854471498077,0.36016863833942048,1.4292143341796503e-09,0.39301882837521707,0.39271074762040742,3.0032914094590968e-05,0.39271074764672204,-2.6314617151967923e-11,0.39271074911323645,0.13447567605846111,0.47281357482830244,0.86582406823501346,0.47280524036023991,8.0934779212732265e-14,599584916000000
505.00000000000006,0.16408947041170105,0.46654769615280439,7.1996469945354307e-08,0.022042816796776839,0.34749935131178822,1.4568296433425995e-09,0.1333060128079312,0.48677881372833648,7.341338997252901e-08,0.022767715788188682,0.35714738294595477,1.3131900692793636e-09,0.36965389980241065,0.36936283343248538,0.0001116582405459865,0.36936283343549453,-3.0091484859440243e-12,0.36936283494648675,0.16408946988888781,0.46654769516462541,0.8362210104426453,0.46656711109917826,8.0972936212521977e-14,593648431683168.25
510,0.11437066060508526,0.50353447878647761,7.3501692719886234e-08,0.023271905769444452,0.35819601156870967,1.3322652351162486e-09,0.15728752035966737,0.48234907104452945,6.8608014880105586e-08,0.02206480848079306,0.33829853013332983,1.4176974313082909e-09,0.38161076470331373,0.38209486065246911,0.00014277253120165145,0.38209486060843711,4.4032000268146021e-11,0.38209486200415443,0.11437066024964856,0.50353447774619697,0.88514811346511491,0.50353734922393356,8.1009982120890627e-14,587828349019607.88
514.99999999999989,0.14147640534951625,0.49698372103267491,6.9029184179790957e-08,0.022545426408255811,0.33929265926521951,1.3367644588627465e-09,0.10656569922986105,0.51991627665085249,7.023746412236787e-08,0.023338448450127888,0.35017950412809806,1.2576426140704965e-09,0.36196394803926568,0.36153987357185507,0.00012579199984169565,0.36153987361780887,-4.5953796323772167e-11,0.36153987504866297,0.14147640492050562,0.49698372003083141,0.8589280614063789,0.49696411379482136,8.1045959607755349e-14,582121277669903
520.00000000000011,0.12052705295253481,0.51627599922644563,6.8138850365558308e-08,0.023077132499457219,0.34006902415134571,1.3484300967491656e-09,0.14413644781501231,0.5051401241260024,6.5047338576164512e-08,0.022335925861955302,0.32838743587498836,1.3255519871853501e-09,0.36326919951031017,0.36319694787186851,0.00012297337222677562,0.36319694782101952,5.0848991683949407e-11,0.36319694919360401,0.12052705259579216,0.51627599821060377,0.87953651908417529,0.51626731999284892,8.1080909316703572e-14,576523957692307.62
525,0.1117438503228218,0.52757777209977641,6.6848774627124287e-08,0.023328109488364189,0.33691870593868251,1.2238012088105332e-09,0.10067117646642004,0.537192027460212,6.6056526643037471e-08,0.023491463605836278,0.33864526512636084,1.2564781071014268e-09,0.36038788765559165,0.36067837754923593,0.00014100415596912663,0.36067837757740173,-2.8165803023227909e-11,0.36067837891393573,0.11174384999987862,0.52757777108618564,0.88798001400511062,0.52759212675537392,8.1114869979236766e-14,571033253333333.38
529.99999999999989,0.1255927788529827,0.52533091122325892,6.3737277682142244e-08,0.023062570301214422,0.32635402385553813,1.3244044617173638e-09,0.12532564259272058,0.52795880007259532,6.2510713004117547e-08,0.022919577528758409,0.32379591609686897,1.2215219996624222e-09,0.34958677744676003,0.34907630994693672,0.00017011822832529999,0.34907630992375838,2.3178348129704318e-11,0.34907631126406391,0.12559277849846287,0.52533091023747325,0.87493708501759304,0.52535030795536197,8.1147878521578691e-14,565646147169811.38
535,0.093672111269344036,0.54933742698421428,6.4354298018496967e-08,0.024014413857770318,0.3322943973880636,1.1585201464489352e-09,0.10140139809308671,0.54778830704605519,6.2292325364031508e-08,0.023679554562742327,0.32713067675973706,1.2469579317022549e-09,0.35652059197757086,0.35699046174734617,0.00021171521891877321,0.35699046174644167,9.0449869816211503e-13,0.35699046301194715,0.093672111011000939,0.54933742597705193,0.9058651355711419,0.5493445439767215,8.1179970164595859e-14,560359734579439.31
540.00000000000011,0.12550665292749671,0.53618807372474375,6.0497599638954028e-08,0.023380831047136539,0.31508111112865911,1.270110973645853e-09,0.1126620708587061,0.54663889774640839,6.0210917542646085e-08,0.023572992435695522,0.31712597760545835,1.1414263776767959e-09,0.33869302865672568,0.33830527334637206,0.00023102471321945206,0.33830527334775951,-1.3874457138740581e-12,0.33830527464683058,0.12550665258920027,0.53618807276396918,0.87487269346955077,0.53617966516856708,8.1211178517332171e-14,555171218518518.44
545,0.087164325973630039,0.56640279763223988,6.1782623849749872e-08,0.024638683939123711,0.32135094236736439,1.1204498953266307e-09,0.10283718016819456,0.55961656663174031,5.9340133321690534e-08,0.024078965986024721,0.31346722667128968,1.2211644167109839e-09,0.34625639941610464,0.34643287641267706,0.00026671020654278621,0.34643287639413012,1.8546941760178015e-11,0.34643287761603081,0.087164325743939369,0.56640279664002979,0.91264087463378218,0.56638447557322746,8.1241535664619778e-14,550077904587156
550,0.12511404248805116,0.55160328244945422,5.7961563669020049e-08,0.02389383445144172,0.29911249089179864,1.2165051980185311e-09,0.10906042979387809,0.56448896965434403,5.7979859874076405e-08,0.024192626577564939,0.30225791489330112,1.0868581577269234e-09,0.32328776677851506,0.32328267504830066,0.00028138225720586441,0.32328267506249464,-1.4193979325227701e-11,0.32328267632984842,0.12511404216563948,0.5516032815045121,0.87487129735127434,0.55158353089739187,8.1271072249190293e-14,545077196363636.38
555,0.087212213003814945,0.58718110824446135,5.9423008975959063e-08,0.025235927143531556,0.30020095320147427,1.0901674651566545e-09,0.10372935418255924,0.57916401566956754,5.7093219447770178e-08,0.024634444999678269,0.29247212688968699,1.19036024658055e-09,0.32576179176977615,0.32560667877679528,0.00032485091159389912,0.32560667875172367,2.5071611453597598e-11,0.3256066799555134,0.087212212783975868,0.58718110726051076,0.91292557467865021,0.58716378322885632,8.1299817548676785e-14,540166590990991
559.99999999999989,0.12644811975469955,0.57547307364604927,5.5807817041856938e-08,0.024415856753049608,0.27297566453700056,1.1797110619392555e-09,0.11324359565617489,0.58696675117828989,5.5768323589747901e-08,0.024653099904450981,0.27513649642151933,1.0533979177426679e-09,0.29773789350671392,0.29807880658140806,0.00034631522913564083,0.29807880659925112,-1.7843060362565666e-11,0.29807880785468566,0.12644811944282325,0.57547307270249104,0.87319800884306786,0.57546011562250954,8.1327799547867134e-14,535343675000000.06
565,0.090548271191248184,0.61681145777214952,5.7262821834286425e-08,0.02568806223454588,0.26692561911076834,1.0599780011688474e-09,0.10264497859025863,0.61081448047415665,5.5366453275964442e-08,0.025187638843341232,0.26135284559043376,1.1590234613800684e-09,0.29301751991848568,0.29264027106026891,0.00040378025037163257,0.29264027103660228,2.3666624215934462e-11,0.29264027224499856,0.090548270972668932,0.61681145678233251,0.9098192466198588,0.61680172697699931,8.1355045006538895e-14,530606120353982.31
570,0.12749629929384254,0.60977394692833409,5.3910123469623753e-08,0.024792556360435921,0.23695861362081341,1.161738892593261e-09,0.12245434613422768,0.61593951126924329,5.3502402475250408e-08,0.024799098291927231,0.23680698974809464,1.0400420300260024e-09,0.26217403921292615,0.2627297537637604,0.00042281415981448855,0.26272975377782337,-1.4062973008321933e-11,0.26272975503707452,0.12749629899254294,0.60977394597038248,0.87193986010519786,0.60976582113370037,8.1381579523182374e-14,525951680701754.31
575,0.096536988198785451,0.65284907684019289,5.5090907608014947e-08,0.025800637036412281,0.22483271344031353,1.0273898191483842e-09,0.098409829182808925,0.65329219931582927,5.3958665947110442e-08,0.025566462899297704,0.22273145353801208,1.119837334616251e-09,0.25110689858056262,0.25061393497547302,0.00047349198553936489,0.25061393496102169,1.4451329022335813e-11,0.25061393618873407,0.096536987975388414,0.65284907583587748,0.9039474923188987,0.65284059396476946,8.1407427594893785e-14,521378187826086.94
580,0.12419595090199899,0.6524379646751497,5.2307364852534615e-08,0.024990091433328584,0.1972520657474516,1.1538761429715083e-09,0.13248225503754868,0.64865820338994096,5.1220742838953844e-08,0.024600886544298334,0.19425860275736773,1.0479104667998595e-09,0.22272732489477085,0.2233660844206603,0.00048511425274966324,0.22336608442285133,-2.1910251390977464e-12,0.22336608568742899,0.12419595062049697,0.65243796369207407,0.87515421947682748,0.65242689477877536,8.1432612673698923e-14,516883548275862.12
585,0.10678422655575986,0.6865260669505574,5.2669930240149787e-08,0.025453275038934721,0.1812416671050269,9.9701193567623017e-10,0.093839661173503203,0.69793536720289318,5.2551569065794367e-08,0.025617784686580384,0.18260713332058895,1.0610611438614712e-09,0.20721257308195756,0.20668970648987872,0.00051757727105375406,0.20668970649368268,-3.8039571492731739e-12,0.20668970774425222,0.10678422631863529,0.68652606593711252,0.89372381106097132,0.68651123815831516,8.145715721954817e-14,512465740170940.12
590.00000000000011,0.11342682959876504,0.69935924058406529,5.1110230069453088e-08,0.025102338173233037,0.16099386964930576,1.1370705358474384e-09,0.13650167095415486,0.68327318195679587,4.9239492788389157e-08,0.024275548698281895,0.15594954809472614,1.0737387291167859e-09,0.18663193980888268,0.18721392983435969,0.00053567973904325439,0.18721392981716967,1.7190027179481149e-11,0.18721393107566697,0.11342682935194345,0.69935923957238955,0.88597190180639407,0.69933996215576422,8.1481082750205741e-14,508122810169491.44
595,0.1214569937907207,0.71072949156679699,4.9982161527809753e-08,0.024728198883102195,0.14294379991907749,9.853237929720192e-10,0.097735522984817386,0.73122738417683852,5.0637565556830801e-08,0.025178067467976881,0.14585897371911569,9.8672288120096501e-10,0.16823244893463316,0.16781351461551863,0.00056039916496813946,0.16781351464248229,-2.6963653532163789e-11,0.16781351590926252,0.12145699353166824,0.7107294905590692,0.87894056618809968,0.71070811739328776,8.1504409888239041e-14,503852870588235.31
600,0.098289747963212409,0.74425568030293365,5.0182379009707657e-08,0.025150726951447707,0.13137165028882883,1.0852534086029429e-09,0.12654257226697416,0.72273496983762309,4.8031946060869586e-08,0.024166795830624817,0.12655561297305815,1.0954471273572473e-09,0.15713757242487855,0.15745457176952737,0.00061514391696959603,0.15745457173385391,3.5673464182650605e-11,0.15745457297394294,0.098289747757685411,0.74425567926837166,0.90137435859802761,0.74423678630118706,8.152715840529919e-14,499654096666666.69
604.99999999999989,0.13278623402716086,0.72902728791063676,4.7510298485160834e-08,0.023985939410302557,0.11365554117373693,1.0084667295548716e-09,0.11620746426483845,0.74441262056046975,4.7938228583207637e-08,0.024231664677056109,0.11514820158488576,9.3621915922501374e-10,0.1382585794139376,0.13818647802390016,0.00061705031113290509,0.13818647806220241,-3.8302250260358051e-11,0.13818647932820627,0.13278623375488793,0.72902728691690577,0.86727677797890179,0.72901819867543349,8.1549347263869367e-14,495524723966942.19
610,0.093439952502785084,0.77390985447559424,4.8797005527445115e-08,0.024854420226082821,0.10735707342067809,9.9127198235636786e-10,0.10427685897119839,0.76595173446252307,4.7567148417302136e-08,0.024335204819565595,0.10543615314826298,1.0644617562224879e-09,0.1328559979084937,0.13265019305478087,0.0006444544734552915,0.13265019302162062,3.3160252321806638e-11,0.1326501942442021,0.093439952314867347,0.77390985344093055,0.90677186465469195,0.77391586685031355,8.1570994656645127e-14,491463045901639.38
615,0.12644075788708412,0.7548321469650715,4.6082715896476909e-08,0.023723399593632157,0.09391512937550002,1.0476778735849349e-09,0.13541958782416127,0.74883753039803158,4.524377592458231e-08,0.023281977106372136,0.09246085845439915,9.5469496005343619e-10,0.11822862773453911,0.11872709512927948,0.00059005163501316127,0.11872709514784441,-1.8564927373176943e-11,0.11872709638729928,0.12644075763762638,0.75483214597507431,0.87307989454203316,0.75485126689838711,8.1592118043698659e-14,487467411382113.75
620,0.11222361147005164,0.7767145187233867,4.6267828596316131e-08,0.023947888982488605,0.087373053630055389,9.1134476443947151e-10,0.095123759979168818,0.79226059512191549,4.6548800346220401e-08,0.024165025276241897,0.088450572113586423,9.5661183546311824e-10,0.11189078038986652,0.11106186980288613,0.00056979059814916966,0.11106186980656163,-3.6755043453240432e-12,0.11106187102336984,0.11222361125280268,0.77671451772382749,0.88862524142082133,0.77673446111535938,8.1612734187568472e-14,483536222580645.19
625,0.10182256064428052,0.79155084881652926,4.5773311648785427e-08,0.023997269512328258,0.08113619893488265,1.0305023903636232e-09,0.12790509955402682,0.77058506148039629,4.4020083445377305e-08,0.02311232902846953,0.078397464928932084,1.0103844709765217e-09,0.105727717668032,0.10662659056148271,0.00059420241700705589,0.10662659053919021,2.2292501178355906e-11,0.10662659173235534,0.10182256045083088,0.79155084781681373,0.89728217607243044,0.79155445848267125,8.1632859186405571e-14,479667932800000.06
630,0.1340878950095781,0.77072550295767495,4.3599663795727455e-08,0.023024221897079995,0.072520816549673212,9.228282781746867e-10,0.11980255542643159,0.78382299846312831,4.3879574730075078e-08,0.023167551527244045,0.073206849796532553,8.6996683765200816e-10,0.096154480874863946,0.095186601995624787,0.00060939790561867491,0.095186602032746981,-3.7122194207483972e-11,0.095186603238314071,0.13408789475951544,0.77072550200217049,0.86686332181404402,0.7707088410090559,8.165250850529771e-14,475861044444444.44
635.00000000000011,0.095444708175476303,0.80925754092043167,4.4766184118117783e-08,0.023868483885122988,0.070380360973095121,9.1685234293349944e-10,0.099165418559337692,0.80755186947585544,4.404707629855608e-08,0.023568025282821568,0.069714641685637305,9.7951496218053126e-10,0.094865096371771554,0.095297750934335346,0.00061620583051698319,0.095297750904091982,3.0243363369208964e-11,0.095297752063851382,0.095444708000721315,0.80925753993542726,0.90410265660292743,0.80923756029883931,8.1671697005886036e-14,472114107086614.12
640,0.1211366988845663,0.79129414503397277,4.2721465618169782e-08,0.023083351672300429,0.064005224942335306,9.7914901341794194e-10,0.13752024390573722,0.77759627064037151,4.1548299003923167e-08,0.022447573920065838,0.062435869064065647,9.0936527150315329e-10,0.087630155867593512,0.087569156069365106,0.00054153555234315309,0.087569156081460875,-1.2095768830988618e-11,0.087569157245036333,0.12113669866676866,0.79129414408819498,0.87892650281869866,0.79129634701249962,8.1690438974378751e-14,468425715625000
645,0.12671202707652604,0.79083005851921284,4.1993243827084136e-08,0.022853579497136799,0.059828319058962819,8.4360177816828591e-10,0.10723968788595893,0.80887816449318861,4.2447537021238721e-08,0.023134453359205824,0.060747650946562898,8.4797030813308371e-10,0.083215826689827133,0.082457914384684972,0.00053388529688191966,0.08245791440426109,-1.9576118504005535e-11,0.08245791555637072,0.12671202685277014,0.79083005759085911,0.87406691887235011,0.79085109223978423,8.1708748148060582e-14,464794508527131.81
649.99999999999977,0.094583483762475828,0.82186089095113646,4.2707169094978722e-08,0.023561316989516624,0.058443543597433534,9.2042685602328378e-10,0.109641585640602,0.81017134763093379,4.1529582198736986e-08,0.022990390020220394,0.057196634261030457,9.4987140652433061e-10,0.082594687773961048,0.083555625318627924,0.00058978355941494143,0.083555625286387714,3.2240210501299771e-11,0.083555626398190253,0.094583483598405849,0.8218608900034039,0.904463426037736,0.8218687383196045,8.1726637740389355e-14,461219166153846.25
655.00000000000011,0.1325429994689204,0.79220923189543024,4.0357285985248048e-08,0.022560560547978711,0.053189759295856946,9.0353617939973685e-10,0.13892276829698399,0.786476250332799,3.9666164890553552e-08,0.022172897479204656,0.052428043360966951,8.3394195769314512e-10,0.076293401303624414,0.075247768605710585,0.00054304019896660172,0.075247768635649304,-2.9938718171251821e-11,0.075247769759097305,0.13254299924302682,0.79220923099787588,0.86848362949200475,0.79219022823904817,8.1744120464765358e-14,457698409160305.31
660,0.12052229156414754,0.80482359257063263,4.0412455716623524e-08,0.022796088406262596,0.051222493654476287,8.0179252016182707e-10,0.10333364685810399,0.82169698215869225,4.0740367839203531e-08,0.02304298622230673,0.051926343187885381,8.3041517834359817e-10,0.074527006054705996,0.074654115862991421,0.00050838277971887447,0.074654115865219861,-2.2284396550276142e-12,0.074654116963111306,0.12052229136230046,0.80482359167458828,0.87933891143902077,0.80481190543295178,8.176120855705238e-14,454230996969696.94
665,0.098825343547897765,0.82671765282981524,4.0666083606869313e-08,0.023315592723036405,0.050049159385834457,8.9516708441939217e-10,0.11561379943244744,0.81282463019058726,3.9448312266423815e-08,0.022698249473234889,0.048863280577992295,9.0230895297361839e-10,0.073913690484538858,0.074457003647170339,0.00054889681441730453,0.074457003622287021,2.4883317628621171e-11,0.074457004689577722,0.098825343385228887,0.82671765192519342,0.90064984881713406,0.82673615838000403,8.177791379692556e-14,450815726315789.5
669.99999999999989,0.13717268542587677,0.79523491943810676,3.8443982734907117e-08,0.022353170092373576,0.045933311484624068,8.4430367607132752e-10,0.14010406164486694,0.79238605480325952,3.7915362389215056e-08,0.022056680141053244,0.045453164675779506,7.8511473578412926e-10,0.068796305214993539,0.067592395101452984,0.00050978434970948283,0.067592395136016448,-3.4563463202630373e-11,0.067592396213344785,0.13717268520392609,0.7952349185827291,0.86404015112903709,0.79524384595741981,8.1794247528114592e-14,447451429850746.31
675,0.12074125048549905,0.81052140327407352,3.8667116278065639e-08,0.022728934633831459,0.044787894139284933,7.6693890167954371e-10,0.10500155597928408,0.82666914419044435,3.893076981387194e-08,0.022958760832059857,0.045370499274372741,7.9712369232942491e-10,0.067993947677954761,0.068737346244482023,0.00047707947078319546,0.068737346240427488,4.0545344859310717e-12,0.068737347289637207,0.12074125029342558,0.81052140241693726,0.87849487062728604,0.81050092299147958,8.1810220677607832e-14,444136974814814.81
680,0.1010509449781449,0.83104081925678186,3.8880725219576487e-08,0.023270856637167974,0.044038061203315798,8.5424241799495128e-10,0.11525475487207949,0.81892760727588199,3.7792327807277258e-08,0.022711810949698728,0.043105788273494178,8.5853711607118099e-10,0.067843313633825689,0.067908235787092708,0.00053435605837429123,0.06790823576507321,2.201949733660058e-11,0.067908236787311727,0.10105094482007695,0.83104081839261135,0.89888241045380401,0.83103909686133148,8.1825843773876764e-14,440871261764705.88
685.00000000000011,0.13767168160897233,0.79981055235416898,3.6799967610948088e-08,0.022381837691506007,0.040728726422013202,8.0595271899097139e-10,0.14272294511600811,0.79502250315626166,3.6193044546799432e-08,0.022035637218540273,0.040218877528753749,7.5330969999066616e-10,0.063584830872414608,0.062517766002776698,0.00047422915297506973,0.062517766036858657,-3.4081959476850443e-11,0.062517767066593288,0.1376716813971815,0.79981055153622527,0.86341575957087768,0.79983092873657968,8.1841126964178559e-14,437653223357664.19
690,0.12712611647783159,0.80909079369872217,3.6774579197072345e-08,0.022643440950328567,0.039665038408731833,7.2979430622990101e-10,0.11154298662623177,0.82537270781133798,3.7044729824559292e-08,0.022880422495738028,0.040203845272138321,7.4995034589711115e-10,0.062758951486604639,0.063783089823572725,0.00045043462317073679,0.063783089823446271,1.2645440250480533e-13,0.063783090829686695,0.1271261162854681,0.8090907928848452,0.87183867718991548,0.80907972574031595,8.1856080030988959e-14,434481823188405.81
695,0.10129260636644008,0.83537351927255221,3.7287158678250865e-08,0.023399464993927747,0.039492855916866215,8.0410416248035759e-10,0.10937393784928315,0.82870222763052004,3.6469135808127897e-08,0.022992597376792743,0.038931199881322591,8.1838164307810489e-10,0.063416987050750079,0.063333874386443889,0.00052462804869328472,0.06333387436100768,2.5436208694884499e-11,0.063333875338462131,0.1012926062156559,0.83537351844588192,0.89877814612382689,0.83536115910986275,8.1870712407615064e-14,431356054676259
700,0.13281011937455478,0.80820966551982476,3.5450538118124815e-08,0.022673878421446136,0.036899367837810053,7.8361903042489585e-10,0.14316538215497729,0.79841990690514275,3.4630169052410558e-08,0.022186387719283118,0.036228287824455745,7.3681278292065577e-10,0.060001325702116914,0.058980215076460674,0.00042804320870357127,0.058980215105620459,-2.9159785697174812e-11,0.058980216087057835,0.13281011918003535,0.80820966473290679,0.86823146432832787,0.80823013866045545,8.1885033193034765e-14,428274940000000
705.00000000000011,0.13729928468114805,0.80312079321829555,3.4816102197709644e-08,0.022579381480219644,0.035454787344217274,6.9713350970448442e-10,0.12441596781757044,0.81698076630785366,3.5005341168077258e-08,0.022751343416388629,0.035851886741900353,6.9849878865623476e-10,0.058482485884330283,0.05957992208810925,0.0004482815466576584,0.059579922100556404,-1.244715441828248e-11,0.05957992306793225,0.13729928448326151,0.8031207924488063,0.86159518987178296,0.80311270402029789,8.1899051166006107e-14,425237529078014.12
710,0.1051442464004084,0.8349899237344931,3.5629036374698781e-08,0.023541835886992536,0.03568610472000884,7.4286927340479441e-10,0.10281070276560329,0.83816913648849334,3.5258791095903791e-08,0.023405978990467959,0.035614145756611995,7.695093971439638e-10,0.059713089455602483,0.059865829894575784,0.0004851124766954637,0.059865829865098474,2.9477309482217606e-11,0.059865830801617226,0.10514424625126256,0.83498992294712016,0.89469082494258301,0.83497773551998655,8.1912774798486921e-14,422242898591549.31
714.99999999999977,0.12043479391859059,0.82294141261068465,3.4463100982566485e-08,0.023281397216365803,0.034084706802834236,7.6626768795360917e-10,0.13458686374146006,0.80940010130525253,3.3480975424304091e-08,0.022678028922055116,0.033334971801401311,7.3384841605974779e-10,0.057768124036171015,0.056623793455717331,0.00040198478760230388,0.05662379347072477,-1.5007439735370554e-11,0.056623794402728023,0.12043479375043349,0.82294141184683844,0.88073000326192685,0.82296187925718622,8.192621226840385e-14,419290151048951.12
719.99999999999989,0.14407035969080981,0.79971198139623079,3.3059842059658683e-08,0.022712574894213803,0.032127996384304594,6.8211016252963456e-10,0.14028390516914371,0.80491421977809585,3.2920887337675304e-08,0.022639854729813717,0.032161986712630417,6.6105085972802354e-10,0.055301788047405681,0.056217658884580857,0.00046118302693506918,0.056217658912959378,-2.8378521754746089e-11,0.056217659841738432,0.14407035949277816,0.79971198066548344,0.85499941846611094,0.79969763044832609,8.1939371471805599e-14,416378413888888.94
725,0.11955252790562554,0.82368808661106396,3.3619832946252142e-08,0.023499534835988573,0.032126889926113844,6.7640619274293818e-10,0.10721759662586933,0.8366829289977985,3.3702235990026566e-08,0.023636928401692504,0.032462511592407726,7.0183838107539999e-10,0.05603068398870318,0.056759385505152693,0.00040422493036162271,0.056759385483310498,2.1842194719567942e-11,0.056759386386164845,0.11955252774382739,0.82368808587000775,0.87971696623358386,0.82368628227442942,8.1952260034434805e-14,413506838620689.62
730,0.10645631284759105,0.83849745289984079,3.3596347263646033e-08,0.024041440861990584,0.031774611725510112,7.3193164080655046e-10,0.11510236593062317,0.83003794793066932,3.2811279015655923e-08,0.023563949675356879,0.031295702934866873,7.2704277625046864e-10,0.056261630697894596,0.055046234262406291,0.0004455437821149974,0.05504623425256816,9.8381303104133622e-12,0.055046235137291788,0.10645631270571869,0.83849745215698956,0.8947740361539358,0.83851240548525829,8.1964885322749561e-14,410674600000000
734.99999999999989,0.13591899512812775,0.81018098180000386,3.1939818551810395e-08,0.02335622525422654,0.029849335768343685,6.8812343885889309e-10,0.14476506435413652,0.80288135301187902,3.1311848325623235e-08,0.022915317586027901,0.029438233047669102,6.5545588610615968e-10,0.053608985718857742,0.053900023038885192,0.0004033920683455261,0.053900023071868364,-3.2983171749378926e-11,0.053900023957146326,0.13591899494973625,0.81018098109311742,0.86376940720723672,0.81016042151579659,8.1977254454424634e-14,407880895238095.31
740.00000000000011,0.13921419574140195,0.80670916899762124,3.1444603207247552e-08,0.023395780788159133,0.028916576701678513,6.3116305164637083e-10,0.12888652780694129,0.81841818209524364,3.1548903034900364e-08,0.023494678956549189,0.029200578953597088,6.3376653111724786e-10,0.052715516337555994,0.054076635255977501,0.00040312677195208924,0.054076635260976835,-4.9993342798870799e-12,0.054076636134224532,0.13921419556143197,0.80670916830434347,0.8594409294065215,0.80672541309552093,8.1989374308360261e-14,405124943243243.19
745.00000000000011,0.10993412155952839,0.83676592641733571,3.212990225655172e-08,0.024421282797663309,0.029196830693731163,6.655362525703829e-10,0.10295398750203791,0.84338395831705248,3.1956468349754213e-08,0.024362741406600118,0.029299280161730959,6.839043673415107e-10,0.054027604964447661,0.053299952050930188,0.00040945867761468108,0.053299952023135866,2.7794322399188331e-11,0.053299952871522449,0.10993412141952914,0.83676592570894837,0.89078670152388983,0.8367590965862528,8.2001251534224089e-14,402405983892617.44
750,0.1126993167831722,0.83473084109750928,3.1456916598107839e-08,0.024528656773907993,0.028369259421109228,6.8748194867070978e-10,0.1244200689734285,0.82374660037396674,3.0663903628414215e-08,0.023954093240435008,0.027879206068489672,6.6956409143655995e-10,0.053300967241954621,0.052569842109106091,0.0004030189025388542,0.052569842119318477,-1.0212386492014502e-11,0.052569842956931123,0.11269931664177392,0.83473084040129497,0.8880275772011551,0.83472660998525938,8.2012892561552282e-14,399723277333333.31
755.00000000000011,0.1403567843425601,0.80727935824861297,2.998684485231378e-08,0.023893129770490053,0.026736167772916975,6.3005816008928212e-10,0.14521723406655632,0.80467299311869034,2.9592894791736104e-08,0.023564690026274447,0.026545052556625943,6.081420601025339e-10,0.051016144825642713,0.052363857378010858,0.000386816665332676,0.052363857408826875,-3.081601640531062e-11,0.052363858245783046,0.14035678416904468,0.80727935758517222,0.85830871421443244,0.80729256941336569,8.2024303608431076e-14,397076103311258.25
759.99999999999989,0.13426194982677872,0.81426660260957606,2.9903403718302143e-08,0.024282386476332216,0.026291904318730845,6.0151698441784478e-10,0.12246461839262848,0.82655935759835719,3.0025331544810376e-08,0.024385743435032428,0.026590249947378884,6.1034766312937923e-10,0.050950334616162454,0.051471447572721596,0.00037601331617869577,0.05147144756364519,9.0764062932180423e-12,0.051471448386654628,0.13426194966321361,0.81426660195013179,0.86519836125913407,0.81424802666715868,8.2035490689782715e-14,394463760526315.81
765.00000000000011,0.10666380542385748,0.84232852370192512,3.0444839458381955e-08,0.025320520941853157,0.026529335718471003,6.3798387926975195e-10,0.10215213176012074,0.8461336718935023,3.0197389135291944e-08,0.025158040067615503,0.026556125456770888,6.4830245927049497e-10,0.052249987578319439,0.051007670897918689,0.00040009983517193953,0.051007670874217426,2.3701263174302767e-11,0.051007671674605404,0.10666380529579014,0.84232852302960448,0.89459889934460846,0.8423489117907349,8.2046459625274505e-14,391885566013071.88
769.99999999999989,0.11328525246830738,0.83528898038526189,2.9635914015537645e-08,0.025316036197466155,0.025669890442521288,6.4231904166706473e-10,0.12519336224992897,0.82481624605669079,2.8933942566231038e-08,0.024724080683865699,0.025266281433317054,6.2480397505702591e-10,0.05135352175626736,0.051425767128979505,0.00036756483804686879,0.051425767146430768,-1.7451262657175448e-11,0.051425767937649969,0.11328525233423856,0.83528897972811145,0.88662408761278688,0.83527056588020177,8.205721604687158e-14,389340854545454.56
775,0.13916536107441557,0.80990925613193165,2.8335802077145719e-08,0.024760442450723976,0.024298128485536318,5.9225557322654691e-10,0.14367346357487515,0.80774910763362273,2.7997855025829407e-08,0.024417828208973889,0.02415957198136592,5.7625829194295644e-10,0.049439055979115479,0.050925382766603744,0.00038045611479754077,0.050925382793652774,-2.7049029682757464e-11,0.050925383584133899,0.13916536091205989,0.80990925550380621,0.85936326811992336,0.80992421216328314,8.2067765406051007e-14,386828978064516.12
779.99999999999989,0.13366101338047209,0.81698577026503971,2.8257693743061283e-08,0.025198901447511704,0.023934446395657238,5.7268424777348709e-10,0.12252623208911843,0.82803185918634647,2.835262501700533e-08,0.0252511469952914,0.024190732809053404,5.7943201302901266e-10,0.049479917811673414,0.049353216366354924,0.0003465411381264813,0.049353216354488194,1.1866729821008448e-11,0.049353217132897864,0.13366101322673771,0.8169857696403644,0.86645553053244173,0.81697561274294483,8.2078112980694852e-14,384349305128205.19
785,0.1062579660319965,0.84419851591274442,2.8747118308296723e-08,0.026280308801018747,0.024161118316379671,6.0064732595518336e-10,0.10044387505198146,0.84918365091840253,2.8579550606487962e-08,0.026131764446126096,0.024240680418202494,6.0840852009055797e-10,0.05082972033200403,0.049543518077931004,0.00038826386683998154,0.049543518055259139,2.2671864385870322e-11,0.049543518812209975,0.10625796591149157,0.84419851527629841,0.89503465283110362,0.84420493252156215,8.2088263881677936e-14,381901220382165.62
790.00000000000011,0.10735654615063021,0.84185700791169238,2.8141368642891017e-08,0.02645614407818277,0.023544320690160037,6.0495305598005737e-10,0.11799552860613945,0.83289437275793543,2.7541887984415613e-08,0.025871011378831996,0.023239059107590301,5.9240584532417262e-10,0.050352276932607305,0.050786445922468615,0.00035178341794279977,0.050786445937677449,-1.5208834192037557e-11,0.050786446683598996,0.10735654603057103,0.84185700728583002,0.89220675572819197,0.84185447881752706,8.2098223059166294e-14,379484124050632.88
795,0.1332389052145011,0.81677161806808196,2.6901338884857398e-08,0.025919912377699129,0.022330276940949807,5.6613981390995749e-10,0.14049707530043154,0.81189196442936418,2.6507103393478283e-08,0.02546216729527916,0.022148765888499785,5.5192533296921315e-10,0.048608403974363779,0.049989476690020296,0.00035818718823614482,0.049989476717416936,-2.73966405117676e-11,0.049989477463205478,0.13323890506755193,0.81677161746924254,0.8653799305371298,0.81677152658365637,8.2107995308639877e-14,377097431446540.88
800,0.13629472486407049,0.81571753932612201,2.6562183282840261e-08,0.026146013648605349,0.021806472913897156,5.4365833315981564e-10,0.12813238084435316,0.82379607690595258,2.6589971994429683e-08,0.026091670214061086,0.021979844906532642,5.4533649038853498e-10,0.048298984464234591,0.047987735816015675,0.00034647079589046614,0.04798773580980753,6.2081451090989503e-12,0.047987736547949633,0.13629472471580864,0.81571753873624175,0.86401952278816685,0.8157205383444055,8.2117585276654258e-14,374740572500000
