wavelength_nm,D3_minus_D2_Rraw,D3_minus_D2_Traw,D3_minus_D2_Pbottom,D3_minus_D2_Ptop,D3_minus_D1_Rraw,D3_minus_D1_Traw,D3_minus_D1_Pbottom,D3_minus_D1_Ptop,D3_minus_F0_4rank_Rraw,D3_minus_F0_4rank_Traw,D3_minus_F0_4rank_Pbottom,D3_minus_F0_4rank_Ptop
350,0.00019887812017086587,0.0035100044537695885,-0.00021600677397759505,0.00088044983999258086,0.0019250058126704175,0.0035213414815555288,-0.0022808022280462747,0.0013781890631992533,0.0019250083220672815,0.0035213396711644696,-0.0022808019327301698,0.001378188419003612
355,0.0010296142318994839,0.0051854151672290905,-0.0010395921953757492,0.0086812630229297083,-0.0011133845389379657,0.0050672235573939184,0.0015490743186985512,0.0085430700468802634,-0.001113387537549311,0.0050672224369437413,0.0015490761721884683,0.0085430692096316041
359.99999999999994,-0.0008645681091601215,-0.0065028378983835733,0.00088936177045473297,-0.0026311317584004623,-0.0033230438617528335,-0.0064069797341344548,0.0029421621259612118,-0.0029520574215837758,-0.0033230443528529247,-0.0064069812929445913,0.0029421619142301347,-0.0029520593030698539
365,-0.0020381639645500604,-0.0086456659614763676,0.0020015073331777211,-0.0083403797990677098,0.00017961839628506671,-0.0082865543660732288,-0.00027729052022273937,-0.0083024317231592537,0.00017962260040069178,-0.0082865560742444444,-0.00027728945563099128,-0.0083024339637771116
370.00000000000006,0.00063102732780116744,7.3374431917572203e-06,-0.00059205493209868454,-0.0027578109897154479,0.0040058698673088727,0.0004684804752014271,-0.0034541869618096577,-0.0023122585259388595,0.00400587029031374,0.00046847866322408116,-0.0034541844913206221,-0.0023122608519887122
375,0.0026445711579088649,0.0077119070274506152,-0.0026703156811042073,0.0040624760468050969,0.0026919072487185391,0.0081357687247649579,-0.0027908092661638184,0.0047079615870544433,0.0026918997076017526,0.0081357666267741213,-0.0027908027711226469,0.0047079590983153397
379.99999999999994,0.00334017160391889,0.0096723942050679912,-0.0033476569685041424,0.0065151933864961986,0.00010416299303736554,0.009998090390481662,-0.00055976313912531328,0.0071663729099490925,0.00010415312022271639,0.0099980886926751555,-0.00055975558597087804,0.0071663709869734804
384.99999999999989,0.0028750448697858755,0.0078044415048572069,-0.0028431917425090214,0.0054572490256336592,-0.0015716248195932758,0.0080407729354041724,0.001440736011153243,0.0060355473228910772,-0.0015716363271040257,0.0080407716889386305,0.0014407480454142751,0.0060355460068701183
389.99999999999994,0.0017304975673620437,0.0052493548980931393,-0.0017182951296133009,0.003498536814925679,-0.0026395231014160192,0.0054440533281615577,0.0028376115485676534,0.0040211548115986484,-0.0026395321122253679,0.0054440514059279077,0.0028376243798393652,0.0040211529811927105
395,0.00081588267391957681,0.0036505312052153571,-0.00083005217377596363,0.002119544638873927,-0.0032787835886581573,0.0038588192697232016,0.0036044539224397987,0.0026429498356799197,-0.0032787884155592029,0.0038588180376400993,0.0036044637928498435,0.0026429488000938028
400,0.00072761969859910791,0.0032645400107560452,-0.00074970870185797622,0.0015814109157903933,-0.0033408230799998329,0.0035487906705119476,0.0036724955465590181,0.0021761807651990983,-0.0033408272631197111,0.0035487882100985191,0.0036725059265809712,0.0021761786195064747
405.00000000000006,0.0016348769434439692,0.0037991631699927919,-0.0016580101398421254,0.0016913328799727512,-0.0026499609388110357,0.0042153394186621451,0.0029521984399590862,0.0024087703012034556,-0.0026499629202235697,0.004215337084197579,0.0029522038546542229,0.0024087683388676617
410,0.0033743375389377606,0.0048024947206069535,-0.0033979350409703013,0.0022187019190527679,-0.00098490437219531102,0.0053576482998810571,0.0012406202356814999,0.0030343908088080185,-0.00098490404504991691,0.0053576460618595112,0.0012406239672132502,0.0030343889517054912
415.00000000000006,0.0053308240256206008,0.0056044358970053221,-0.0053387002625799873,0.0028835281090994203,0.0017893435770728883,0.0062012165663843932,-0.0015059182361008006,0.0036371104185128345,0.0017893487260022267,0.0062012145412459474,-0.001505918600206213,0.0036371087080847575
419.99999999999994,0.0063872897764336301,0.0051983253064935009,-0.0063816814157043877,0.0031567222023894392,0.005126453620496102,0.0055839776475073988,-0.0048037770620471543,0.0035230647561462214,0.0051264597414545365,0.0055839753058872232,-0.0048037754194120152,0.0035230625918014069
424.99999999999994,0.0052041777272993084,0.0026995140808275808,-0.0051715274531819455,0.0023505871288949653,0.0073972745139982421,0.0025791850020454032,-0.0070319552692045262,0.0020178069483590688,0.0073972803578959134,0.0025791822567262646,-0.0070319537579295321,0.0020178042702808097
430,0.00031871129018687383,-0.0011902146087921506,-0.00030923927994663813,0.00052274756569226088,0.0050796196440066888,-0.001793848584685398,-0.0047643594530044631,-0.00037017798501548516,0.0050796188420926536,-0.0017938509204705744,-0.0047643543667365007,-0.00037018019967971494
434.99999999999994,-0.0062025289744425949,-0.0037440614340198408,0.0061769761883714303,-0.0011922972620324601,-0.0027084766199475807,-0.0042208745674056081,0.0028601738291450518,-0.0017992309124277295,-0.0027084849593395632,-0.0042208773611956407,0.0028601816867562802,-0.0017992335550333083
439.99999999999994,-0.0054240365880880437,-0.0029245552444431278,0.0054246562907389606,-0.0020489524278483606,-0.0069471244065689719,-0.0025273609395087271,0.0069206009203996999,-0.0014752380091933581,-0.0069471327008888695,-0.0025273638289011191,0.0069206043890785995,-0.0014752406938547957
445,0.0027470023283555911,0.0011094139686664284,-0.0027288624436825337,-0.00088282750397999932,-0.0018667298798926979,0.0020214510840971811,0.0016459641503027145,0.00031639359246615761,-0.0018667304366878912,0.0020214472641263415,0.0016459611811298069,0.00031638982004045246
450,0.0058848130960326983,0.0037767905255277068,-0.0059015366739694208,0.0015875998989552942,0.0051836096615973104,0.0037579708172902349,-0.005468158803201173,0.0015621941470562173,0.0051836123592785277,0.0037579675631631004,-0.0054681555487569034,0.0015621907824255321
455.00000000000006,-0.00019104667083541527,0.00021990469135851898,0.00019769654967738415,0.0012752266000690127,0.0041210645902286791,-0.00076955617387508557,-0.0041470956775214729,-1.5017451585441766e-05,0.004121063569738681,-0.00076955956210361665,-0.0041470967987996543,-1.5020942947141513e-05
460.00000000000006,-0.0064196159673097497,-0.003066923043624048,0.0064153028857634187,-0.00069409368924722159,-0.0055389675366512292,-0.0029013704762647086,0.0057805900860602444,-0.00058117351220160485,-0.0055389742807749609,-0.0029013738378811382,0.005780589889739729,-0.00058117680365271651
465.00000000000006,0.0022046515742262796,-0.00057976754123795216,-0.0022000861987143683,-0.0016199571473117791,-0.0017252104892069298,0.00059244298166410969,0.0019282334175791949,-0.00013773632017571869,-0.0017252147712651378,0.00059243844640016752,0.0019282370663818993,-0.00013774075185035706
470,0.0046039966103186558,0.0032641029219000472,-0.0046054402864726951,0.00096824290140079539,0.0056479956706269319,0.0026301586926505416,-0.0057882934363563399,0.00032976648908317197,0.0056479981920027067,0.0026301546883465421,-0.0057882898976550079,0.00032976254172445429
475,-0.0042571631757125361,-0.00053560044706035814,0.004261480065054668,0.0012397376401744875,-0.0010880450460084845,-0.0013265975404015418,0.00089108755226319225,0.00013824592272310143,-0.0010880500349192135,-0.0013266024898779816,0.00089108181315922241,0.00013824121725281024
479.99999999999994,-0.00070466675834893189,-0.0026975805457425395,0.0007010850074655739,-0.0014672676104622306,-0.0039037090176016476,-0.0012913908312073286,0.0040224052940980304,0.00011532007511549924,-0.0039037121740082836,-0.0012913959835520461,0.0040224048464863049,0.0001153153743949642
485,0.0042623290708249661,0.0024021004884089425,-0.0042549413707650974,-0.00026690137018164917,0.0046445104677705351,0.0019242626092068615,-0.0045043807577448414,-0.00055993376364710246,0.0046445106907797018,0.0019242572115504286,-0.0045043822365067321,-0.00055993864654924064
489.99999999999994,-0.0037423621154677178,0.00053191536054980615,0.0037356165592675739,0.0015020266489903511,-0.00089993120827863704,-0.00036006593863174841,0.00071195144870295213,0.0002741227761898779,-0.00089993457699491519,-0.0003600715195252735,0.00071195026472214984,0.00027411788824344141
495,0.00075512588861825769,-0.0026354691020548104,-0.00075368517146967573,-0.0011019122091677214,-0.0027188966888833377,-0.00098818579659992745,0.0026813115192749759,0.00070229570668250973,-0.0027188970617036401,-0.00098819206191835818,0.0026813117173344336,0.00070229032736690566
500,0.002627500147048073,0.0022898170557046904,-0.0026222165724494317,-0.0004243026900407898,0.0048827017894351454,0.0009779913517949379,-0.0047326726452594503,-0.0015872181978132671,0.0048826968159946249,0.0009779856755581795,-0.0047326758315785478,-0.0015872232617926696
505.00000000000006,-0.0039384946240385021,-0.00043938064353932216,0.0039358003300822286,0.0013757123878453958,-0.0036985919893118835,-0.00013129169299669341,0.0035488592640146033,0.0013429249648825303,-0.003698588413915127,-0.00013129757541474607,0.0035488532251133353,0.0013429196426179013
510,0.0029253866047872501,-0.0012492083097045414,-0.0029284873877872819,-0.001153083136658517,0.00088082062853682419,-0.00042857351277780786,-0.00088234888319127514,-1.1015443425077542e-05,0.00088081445150410553,-0.00042857945965812938,-0.00088234372819540052,-1.1020835605002333e-05
514.99999999999989,-0.001645487747267721,0.0023977920381846318,0.0016464931632693691,0.00053841597531761876,0.001595229117097946,0.00080006933047044315,-0.0014931104309315879,-0.0012045627208038812,0.0015952320624321725,0.00080006311052843726,-0.0014931116817678003,-0.0012045687910510194
520.00000000000011,0.00067609297816349778,-0.0026346738951841253,-0.00067031705963638277,2.9120292339923637e-05,-0.0024901137946537755,-0.00071972728635572025,0.0023424273099383885,0.0018635677020761854,-0.0024901190158432007,-0.00071973344812448214,0.0023424336712565275,0.0018635618707918411
525,0.0010234799434169634,0.001503802487665018,-0.0010177557737890419,-0.0010300625219558102,0.0038340234520577166,-0.00030050743997700469,-0.0037103349058691393,-0.0025724822644954681,0.0038340240496559236,-0.00030051305243072868,-0.0037103344092659363,-0.0025724879313664406
529.99999999999989,-0.0013780885788730046,-0.00058084837340233175,0.0013764772533183534,0.0012329109246145276,-0.0032874486819388649,0.00090111974368456416,0.0032332461063746543,0.0023506570864764154,-0.003287450482771237,0.00090111361663003375,0.003233250458504644,0.0023506508358165368
535,0.0018699613599702375,-0.00064185975577568666,-0.0018779720414643375,-0.0013712546690963778,0.0031613047165574143,-0.001655010596117501,-0.0031884029984000639,-0.0020004733215561732,0.003161302747126879,-0.0016550165997284427,-0.0031884056458413301,-0.002000479458778015
540.00000000000011,-0.0022413973030314671,0.0015431548999418343,0.0022346444030770796,0.0013022246970101348,-0.0028114373487658773,0.0021749090953842032,0.0029010522343898559,0.0015845065921149537,-0.002811436326131872,0.002174903023054231,0.0029010526103749879,0.0015845001263157243
545,0.0020328015016114198,-0.0019302981260210794,-0.0020355292159820459,-0.00085291262387321432,0.0022917437886436076,-0.0021751450568155972,-0.002408600130767824,-0.00081458964477676421,0.0022917407296607906,-0.0021751516016140782,-0.002408601703008606,-0.00081459622399882026
550,-0.0024561401872502386,0.0023596456628857121,0.0024549487176961371,0.00069758223473759262,-0.0024083541524621832,0.0024308125866807639,0.0025616387394177265,0.00055681845615640491,-0.0024083531221598675,0.0024308064792190054,0.0025616397472061347,0.00055681186193978771
555,0.0020814570021169265,-0.0021916633896894577,-0.0020819210853538772,-0.00011573271677511876,0.0020312214229138009,-0.0020727189453318973,-0.0021659938616830354,0.00014944209009715159,0.0020312150530902989,-0.0020727264765330045,-0.0021659921194148168,0.00014943451720828005
559.99999999999989,-0.0024932088353242232,0.0023409815979441584,0.0024942942354861941,5.2317384286570956e-05,-0.0025082234417939664,0.0023058517612565277,0.0026716000306477028,-8.1752382281807812e-05,-0.0025082215776703887,0.0023058458801271664,0.0026715979863917161,-8.1758851269042587e-05
565,0.0021060273753943509,-0.0020336577663716549,-0.0021034496034442185,0.00043025133154450668,0.0023470952582828608,-0.0020076044014801786,-0.0024711141004588599,0.00052543825303796865,0.0023470869906788427,-0.002007612373536749,-0.0024711100363884464,0.00052543018566886257
570,-0.0022901517465617749,0.0020961242939880886,0.0022930695917253718,-0.00037757706073260344,-0.0029582893256141496,0.0024193849264378953,0.0031073875937407403,-0.00011938543605627405,-0.0029582821440550522,0.0024193770628012645,0.0031073809637344185,-0.00011939402069649496
575,0.001910688007199346,-0.0019219090499956737,-0.0019095663934948215,0.00058619358111589026,0.0029498171246816057,-0.0024294386424402736,-0.0030788019127726551,0.0001603060260054745,0.0029498079802947191,-0.0024294474573473002,-0.003078800257323544,0.00016029703487363545
580,-0.0014367953488381019,0.0018067678086667316,0.0014352011373730544,-0.00055807168646315741,-0.0031501235381266451,0.0029043549369296429,0.0032916891790871761,0.00041335888372318053,-0.0031501182692466462,0.0029043476284693615,0.0032916844230461706,0.00041335064893432971
585,0.0011093683076965205,-0.0019039988775668704,-0.0011119232036432836,0.00027767757384744574,0.0031370395303105675,-0.0032411468397774978,-0.0032751864248975471,-0.00086936324027608869,0.0031370325198586402,-0.0032411544744797016,-0.0032751922225494612,-0.00086937120031005399
590.00000000000011,0.00023124858602062426,0.0014321066203071275,-0.00023597405238584557,-0.00034613844978614861,-0.0023586571742708895,0.0033583268903664143,0.0025087249688690028,0.0013034490783548902,-0.0023586560681741198,0.0033583187323472652,0.0025087192962774951,0.0013034398259745839
595,-0.00073562927723119786,-0.0014901512483538326,0.000724835558434056,-0.0002861406544391043,0.0016047054625765583,-0.0033383258513691727,-0.0017733224048533947,-0.0017663375588677921,0.0016047011890196611,-0.0033383341804416045,-0.0017733402240442953,-0.0017663464379124028
600,0.0018621634313287228,0.00099340479858600617,-0.0018734183699211648,0.00059460988636017564,-0.00032693943036793405,0.0029351721359761607,0.00048203971487026376,0.0020814753930724628,-0.00032694700067945059,0.0029351631944799506,0.00048202413610198835,0.0020814652949532331
604.99999999999989,-0.0026967005086803997,-0.0002841024746804699,0.0026948949194204319,-0.0008585630973295677,-0.001789589024448951,-0.0013565269251832879,0.0016211133114446552,-0.0014279039082049083,-0.001789578652354018,-0.0013565358259661764,0.0016211127970501282,-0.001427913658788138
610,0.0022868666094953138,2.1882758132529823e-05,-0.0022805214581597122,0.0016602760165461694,0.00236656369077623,0.00044841235044090766,-0.0022280827244482992,0.0015929945461354844,0.0023665552523767092,0.00044840329604800555,-0.0022280761954955874,0.0015929846076901955
615,-0.0016770279847121705,0.00071951867696962157,0.0016865643810979325,-0.0017745610601372919,-0.0034927642050348873,0.0016798618924810382,0.003397249911708089,-0.00042339139481106791,-0.0034927658789849769,0.0016798539893523312,0.003397254194435928,-0.0004234003139961251
620,0.00055372319834831596,-0.0013980022260708935,-0.00054777783029735794,0.0016208317619582635,0.0028246932607981223,-0.002834433897142663,-0.0028050310929119693,-1.4592585081185661e-05,0.002824693063669545,-0.0028344423655588535,-0.0028050337617606669,-1.4601032759076205e-05
625,0.0015042558730711253,0.0012313817281898176,-0.0015112284169829238,-0.0015820796328434028,-0.0010417158018621725,0.0031277032179216624,0.0010713827462098813,0.00024361203641065643,-0.0010417189085112771,0.0031276945950091672,0.0010713785515561458,0.00024360291291980474
630,-0.0026973920703677046,-0.00082566815761342394,0.0026877052443337046,0.00097361629229031355,-0.0018622169412752521,-0.0016605817740558138,0.0016985944180930579,0.00047996420979612431,-0.0018622178251844479,-0.0016605906030794371,0.0016985910516279512,0.00047995616040197309
635.00000000000011,0.0021810902752370659,0.00048447165094567257,-0.0021791384981475481,0.0002462322997232036,0.00282207640934376,0.00039227689245568964,-0.0026521213713864844,-0.00037673501258461695,0.0028220706086610203,0.00039226610084597269,-0.0026521443143608936,-0.00037674537728060731
640,-0.00053759550081916574,0.00034159540697920043,0.0005471503443768011,-0.0012748725589536436,-0.0031280195631541996,0.0019061396483829318,0.0029594104648988928,0.00082199509124725179,-0.003128024076212238,0.0019061284865821149,0.0029594055558948007,0.00082198454558013445
645,-0.0012055778164757613,-0.0012606593843659253,0.0012080282988188307,0.0015709517321614852,0.0010049066858219546,-0.0026428831353979554,-0.00093008246996229005,-0.00012773477889005402,0.0010049066329406164,-0.0026428934580038366,-0.00093007369551223462,-0.00012774399548431958
649.99999999999977,0.0023752773198561783,0.0014662396458401394,-0.0023884990843398013,-0.0014175927406597788,0.0013643119490658884,0.002205355231481243,-0.0013429607801126453,-0.00074506879420399574,0.001364313901233899,0.0022053439558609167,-0.001342960240004798,-0.00074508002982898169
655.00000000000011,-0.0019368572944839513,-0.00062169235916698096,0.0019359941079996057,0.00078846859203618447,-0.003660646459211353,0.00046859058048587254,0.0034901594137212166,0.0023176862934878306,-0.003660650486907252,0.00046857879241379852,0.003490160830002309,0.0023176753004419126
660,-0.00010232660033553109,-0.0005436532842917341,0.00011810850655291638,0.000191907873416719,0.0023302674729277356,-0.0019978214361691116,-0.0021346367472881989,-0.0018540495600067874,0.0023302644659386057,-0.0019978316887144798,-0.0021346311634667936,-0.0018540598122696039
665,0.0023125492282687898,0.0013226215978385802,-0.0023159668478499595,-0.0013336647533018775,0.00057776015814085813,0.0023069838467032477,-0.00069043349824726707,4.2898757711018476e-05,0.00057776198433927284,0.0023069737290706271,-0.00069043879696906174,4.2887961125059881e-05
669.99999999999989,-0.0023952206323403225,-0.0011212410856921151,0.0023812151720007391,0.0017142714507198953,-0.0036355496769439055,-7.8684454247190949e-05,0.0035591974356414813,0.0028343610515140227,-0.0036355552694054549,-7.8695857730348706e-05,0.0035591957978912125,0.0028343496940583801
675,8.5723546132135398e-05,0.00015919963171984186,-7.8639547163472656e-05,-0.0010072705996589937,0.0024918009308142752,-0.001407530326525519,-0.0023063085726877652,-0.0030904335934387461,0.0024918016946395005,-0.0014075422851902442,-0.0023062925921641941,-0.0030904468558705656
680,0.0024114526654382823,0.00099281348578250661,-0.0024039043269674654,-0.0005371857333000829,0.00071684708582363255,0.0018362562971354635,-0.00088263372416708119,0.00089548028783181799,0.00071685961931206021,0.0018362441723558387,-0.00088262089725488213,0.00089546686207142567
685.00000000000011,-0.0021543354613251797,-0.0013233457351734534,0.00214248343220802,0.0016608410692859898,-0.0036119883678288889,8.9890788654622966e-05,0.0036041339928752913,0.0028900325359373369,-0.0036119923078004601,8.9879367784595487e-05,0.0036041343601733722,0.0028900203860496854
690,-0.00060319942838968355,0.00052415177876707908,0.00061543862077295675,-0.0015023883811740024,0.0017650537674499533,-0.0011303424594345524,-0.0015957655706679841,-0.0035500917777113727,0.0017650423033773732,-0.0011303524632191309,-0.0015957538354222089,-0.0035501037122721568
695,0.0026040981302843935,0.00088399804742322896,-0.002606535713882252,7.1242520115699648e-05,0.0016505226506862841,0.0011145923824135151,-0.0018325219940096282,0.00094713304466664816,0.0016505306099515865,0.0011145829279639585,-0.0018325194728239236,0.00094712250950435006
700,-0.0010337757643791023,-0.0015424871192608602,0.0010192997674793869,0.0013513442592286706,-0.0031681003915447759,0.00049351581433165759,0.0031841841188587905,0.0031073384116508951,-0.0031680976842486108,0.0004935057825715683,0.0031841742909354265,0.0031073282324279861
705.00000000000011,-0.0020889296671316449,0.00073073675401902349,0.0021025865394100896,-0.0014270395799060864,-0.00017441573092902285,-0.00055044721668662255,0.00036574715139481295,-0.0030849179200649335,-0.00017443124588251147,-0.00055045849228441135,0.0003657500779393752,-0.0030849301135046359
710,0.002412928910215606,0.00088947746344480993,-0.0024165024904916343,6.3237715965280827e-05,0.002895062785978203,-6.4677540224322705e-05,-0.0030636505547588788,-0.00022353995407464744,0.0028950647850655153,-6.4689288754471441e-05,-0.0030636458984637516,-0.00022355128434392579
714.99999999999977,0.00097685996884463999,-0.001630808695380348,-0.00097681550866335343,0.0013406062687473241,-0.0015747512408404024,0.0006691849371490699,0.0015621100296658863,0.0034217614101198501,-0.0015747307981354985,0.00066917419699863423,0.0015621012910452814,0.0034217522656601052
719.99999999999989,-0.0032076049204382562,0.00063724031746981158,0.0032190967558857198,-0.00108644344065989,-0.0027829175633243552,0.00069154626523104668,0.0030027942764393467,-0.0015267258161840713,-0.0027829180509665041,0.00069153573936153734,0.003002797386255196,-0.0015267358385083751
725,0.00089621541395913662,0.00091070888940558703,-0.00091704458823338442,-0.00060695047551906356,0.0028318077495739363,-0.0011966989296673392,-0.0029550862660682187,-0.0020733540419992647,0.0028317887633719785,-0.0011967100309843159,-0.0029550729373641893,-0.0020733639470803533
730,0.0025506287243828862,-0.0011033856597136849,-0.0025366967143058972,0.0018775831020793055,0.0010391004421482775,0.00011892396395229987,-0.0011312687224530604,0.0031220930694586535,0.0010390980838216185,0.00011891427838039981,-0.0011312654125655852,0.0031220858170369903
734.99999999999989,-0.001479312870088817,-0.00040217272957299155,0.001466179547319757,-0.00096048159547490464,-0.0031648076953202375,0.0015305778488549082,0.0033560092084725657,0.00029648824294059573,-0.0031647965623254615,0.0015305697059095902,0.0033560008866712066,0.0002964811927045341
740.00000000000011,-0.0022520133188446978,0.0014831554878592668,0.0022639572891900439,-0.0010357749602665223,-0.00059998714148234988,-0.00019845311122035358,0.00063564079172107046,-0.0022823311515026701,-0.00059999004809627166,-0.00019846273656243252,0.00063563783617137659,-0.0022823400047570219
745.00000000000011,0.0021731926709113031,-0.00055562028431865862,-0.0021711757446734037,0.0016577580537888714,0.003127289292974636,-0.0017064951575863629,-0.0033140350055536061,0.00093364919835192683,0.0031272779769584425,-0.0017065063824682758,-0.0033140332789970417,0.00093364021196518099
750,0.0018720020662417458,-0.001289062547137676,-0.0018761259932978946,5.768123353622201e-05,-0.00018844119741034948,0.00092570873226360817,0.00027252968523472365,0.0015754796998305176,-0.00018843828749393055,0.0009256983665943963,0.00027252416867962204,0.0015754708053473676
755.00000000000011,-0.0025482682799041756,0.001261206883706012,0.0025534916786956741,-0.0015875606751701854,-0.0034467237043058763,0.0021100175106713026,0.0036277221007695593,-0.00081253200799813463,-0.0034467141161972359,0.002110007408520187,0.0036277005424987241,-0.0008125419772858633
759.99999999999989,-0.0013482006374248567,0.0005667470127448393,0.0013309570610665622,0.00066460921938660267,0.00049287689404023394,-0.0015328441039208496,-0.00064271815383754038,-0.00068531975757279984,0.00049287118654844919,-0.0015328556363216617,-0.00064274226508997945,-0.0006853299333247076
765.00000000000011,0.0024230346980184947,-0.0014105094730479939,-0.0024088248110361032,0.001498449021996584,0.0029774255726668364,-0.0017633291109356852,-0.0030836087122589895,0.00088740685794197471,0.002977407018949052,-0.0017633405821066983,-0.0030836085722319995,0.00088739728096376425
769.99999999999989,0.0015595837027604503,-0.00028287110200808652,-0.0015721705403287656,-0.0015014350805813148,-0.00045671273056274719,0.0019104474839473085,0.00062812037030657297,1.3024649103354768e-05,-0.00045672446193385785,0.0019104375027241272,0.00062813890339796785,1.3014746323647408e-05
775,-0.0025895959515720157,0.0016703883307188638,0.0026097566894205393,-0.00073704475685276716,-0.0034239493952665789,0.002073134116951203,0.0035405371643177919,0.00015788304811625853,-0.0034239486894437343,0.0020731238955123965,0.0035405439234835745,0.0001578726566062727
779.99999999999989,-0.0014098087811668658,-0.00037985230434312012,0.0013978150786320143,0.0015904930786034832,0.00029934181022767126,-0.0022636936277425912,-0.00049579696263368778,0.00024581028343884093,0.00029934231502945496,-0.0022637053654567252,-0.00049580032694518383,0.00024579989101947142
785,0.0022376360980837229,-0.0015105046087666718,-0.0022262045008761833,0.00041221403249136479,0.0030899048919465211,-0.0018433790830870711,-0.0031303894058432036,-0.00057752313170522651,0.0030898994888205189,-0.0018433910446395974,-0.0031303919622244214,-0.000577534462283813
790.00000000000011,0.0018659583802786706,0.0005541593394781108,-0.001883098345729084,-0.001848917906481673,0.00014980078652666873,0.0023518434213537498,3.4979657961842214e-05,-0.00047446655530125614,0.0001497990174546826,0.0023518319735230664,3.4968003306379281e-05,-0.00047447936156386206
795,-0.0018831403728551133,0.0014754482843237771,0.0018915254344457066,-1.0299963592474981e-05,-0.0032415461621985997,0.0021508756808674701,0.003303529519986026,0.0014020042810302114,-0.0032415408851504124,0.002150863918591428,0.003303515051036654,0.0014019916805354526
800,-0.0022773644521157377,-0.00070126603225773021,0.002264218074160107,0.0018861330218326033,-0.0010647616794216552,-0.0020622711244068226,0.00086105846838069322,0.00084986316734048106,-0.0010647614859924659,-0.0020622831224674787,0.00086103649430213647,0.00084985164947193326
