source_mat,dataset,start,count,real,imag
F0_D3_saved_run_information.mat,#refs#/#a#,0,1,116,
F0_D3_saved_run_information.mat,#refs#/#b#,0,1,119,
F0_D3_saved_run_information.mat,#refs#/#b#,1,1,97,
F0_D3_saved_run_information.mat,#refs#/#b#,2,2,108,
F0_D3_saved_run_information.mat,#refs#/#b#,4,1,95,
F0_D3_saved_run_information.mat,#refs#/#b#,5,1,99,
F0_D3_saved_run_information.mat,#refs#/#b#,6,1,108,
F0_D3_saved_run_information.mat,#refs#/#b#,7,1,111,
F0_D3_saved_run_information.mat,#refs#/#b#,8,1,99,
F0_D3_saved_run_information.mat,#refs#/#b#,9,1,107,
F0_D3_saved_run_information.mat,#refs#/#b#,10,1,95,
F0_D3_saved_run_information.mat,#refs#/#b#,11,1,116,
F0_D3_saved_run_information.mat,#refs#/#b#,12,1,105,
F0_D3_saved_run_information.mat,#refs#/#b#,13,1,109,
F0_D3_saved_run_information.mat,#refs#/#b#,14,1,101,
F0_D3_saved_run_information.mat,#refs#/#c#,0,1,116,
F0_D3_saved_run_information.mat,#refs#/#d#,0,1,119,
F0_D3_saved_run_information.mat,#refs#/#d#,1,1,97,
F0_D3_saved_run_information.mat,#refs#/#d#,2,2,108,
F0_D3_saved_run_information.mat,#refs#/#d#,4,1,32,
F0_D3_saved_run_information.mat,#refs#/#d#,5,1,99,
F0_D3_saved_run_information.mat,#refs#/#d#,6,1,108,
F0_D3_saved_run_information.mat,#refs#/#d#,7,1,111,
F0_D3_saved_run_information.mat,#refs#/#d#,8,1,99,
F0_D3_saved_run_information.mat,#refs#/#d#,9,1,107,
F0_D3_saved_run_information.mat,#refs#/#d#,10,1,32,
F0_D3_saved_run_information.mat,#refs#/#d#,11,1,116,
F0_D3_saved_run_information.mat,#refs#/#d#,12,1,105,
F0_D3_saved_run_information.mat,#refs#/#d#,13,1,109,
F0_D3_saved_run_information.mat,#refs#/#d#,14,1,101,
F0_D3_saved_run_information.mat,#refs#/#f#,0,1,97,
F0_D3_saved_run_information.mat,#refs#/#f#,1,1,117,
F0_D3_saved_run_information.mat,#refs#/#f#,2,1,116,
F0_D3_saved_run_information.mat,#refs#/#f#,3,1,111,
F0_D3_saved_run_information.mat,#refs#/#f#,4,1,115,
F0_D3_saved_run_information.mat,#refs#/#f#,5,1,104,
F0_D3_saved_run_information.mat,#refs#/#f#,6,1,117,
F0_D3_saved_run_information.mat,#refs#/#f#,7,1,116,
F0_D3_saved_run_information.mat,#refs#/#f#,8,1,111,
F0_D3_saved_run_information.mat,#refs#/#f#,9,2,102,
F0_D3_saved_run_information.mat,#refs#/#g#,0,1,97,
F0_D3_saved_run_information.mat,#refs#/#g#,1,1,117,
F0_D3_saved_run_information.mat,#refs#/#g#,2,1,116,
F0_D3_saved_run_information.mat,#refs#/#g#,3,1,111,
F0_D3_saved_run_information.mat,#refs#/#g#,4,1,115,
F0_D3_saved_run_information.mat,#refs#/#g#,5,1,104,
F0_D3_saved_run_information.mat,#refs#/#g#,6,1,117,
F0_D3_saved_run_information.mat,#refs#/#g#,7,1,116,
F0_D3_saved_run_information.mat,#refs#/#g#,8,1,111,
F0_D3_saved_run_information.mat,#refs#/#g#,9,2,102,
F0_D3_saved_run_information.mat,#refs#/#k#,0,2,1,
F0_D3_saved_run_information.mat,#refs#/#k#,2,1,0.99712404178093439,
F0_D3_saved_run_information.mat,#refs#/#k#,3,1,0.99706806488322863,
F0_D3_saved_run_information.mat,#refs#/#k#,4,1,0.99706794544635535,
F0_D3_saved_run_information.mat,#refs#/#k#,5,1,0.99717407157158044,
F0_D3_saved_run_information.mat,#refs#/#k#,6,1,0.74291395677593297,
F0_D3_saved_run_information.mat,#refs#/#k#,7,1,0.14752946545109411,
F0_D3_saved_run_information.mat,#refs#/#k#,8,1,0.14150648626263501,
F0_D3_saved_run_information.mat,#refs#/#k#,9,1,0.14150566659445743,
F0_D3_saved_run_information.mat,#refs#/#k#,10,1,0.14110560485407209,
F0_D3_saved_run_information.mat,#refs#/#k#,11,1,0.11016250498444301,
F0_D3_saved_run_information.mat,#refs#/#k#,12,1,0.00085360359289026117,
F0_D3_saved_run_information.mat,#refs#/#k#,13,1,0.00027388142761724155,
F0_D3_saved_run_information.mat,#refs#/#k#,14,1,0.00017595410194247359,
F0_D3_saved_run_information.mat,#refs#/#k#,15,1,0.00014002907873120597,
F0_D3_saved_run_information.mat,#refs#/#k#,16,1,4.3776852103430414e-05,
F0_D3_saved_run_information.mat,#refs#/#k#,17,1,2.8263943208621928e-05,
F0_D3_saved_run_information.mat,#refs#/#k#,18,1,2.7869354835358474e-05,
F0_D3_saved_run_information.mat,#refs#/#k#,19,1,2.7795526444072336e-05,
F0_D3_saved_run_information.mat,#refs#/#k#,20,1,2.6731878399697416e-05,
F0_D3_saved_run_information.mat,#refs#/#k#,21,1,5.5898512168773844e-06,
F0_D3_saved_run_information.mat,#refs#/#k#,22,1,8.5210860250141008e-08,
F0_D3_saved_run_information.mat,#refs#/#k#,23,1,6.628481115702448e-08,
F0_D3_saved_run_information.mat,#refs#/#k#,24,1,4.6100541135322612e-08,
F0_D3_saved_run_information.mat,#refs#/#k#,25,1,3.1353458948033675e-08,
F0_D3_saved_run_information.mat,#refs#/#k#,26,1,8.71816663729932e-09,
F0_D3_saved_run_information.mat,#refs#/#l#,0,1,8.1536560261131012e-16,
F0_D3_saved_run_information.mat,#refs#/#l#,1,1,1.1618959837211176e-14,
F0_D3_saved_run_information.mat,#refs#/#l#,2,1,2.2354606938260099e-14,
F0_D3_saved_run_information.mat,#refs#/#l#,3,1,3.3090254039308976e-14,
F0_D3_saved_run_information.mat,#refs#/#l#,4,1,4.3961795407459666e-14,
F0_D3_saved_run_information.mat,#refs#/#l#,5,1,5.4867310342385824e-14,
F0_D3_saved_run_information.mat,#refs#/#l#,6,1,6.5772825277311262e-14,
F0_D3_saved_run_information.mat,#refs#/#l#,7,1,7.6780260912562934e-14,
F0_D3_saved_run_information.mat,#refs#/#l#,8,1,8.7753722981039138e-14,
F0_D3_saved_run_information.mat,#refs#/#l#,9,1,9.8727185049515343e-14,
F0_D3_saved_run_information.mat,#refs#/#l#,10,1,1.0970064711799155e-13,
F0_D3_saved_run_information.mat,#refs#/#l#,11,1,1.2060616205291681e-13,
F0_D3_saved_run_information.mat,#refs#/#l#,12,1,1.3147770342106661e-13,
F0_D3_saved_run_information.mat,#refs#/#l#,13,1,1.4241719192276735e-13,
F0_D3_saved_run_information.mat,#refs#/#l#,14,1,1.5339065399124355e-13,
F0_D3_saved_run_information.mat,#refs#/#l#,15,1,1.6426219535939335e-13,
F0_D3_saved_run_information.mat,#refs#/#l#,16,1,1.7520168386109409e-13,
F0_D3_saved_run_information.mat,#refs#/#l#,17,1,1.8610719879601936e-13,
F0_D3_saved_run_information.mat,#refs#/#l#,18,1,1.9697874016416916e-13,
F0_D3_saved_run_information.mat,#refs#/#l#,19,1,2.0781630796554349e-13,
F0_D3_saved_run_information.mat,#refs#/#l#,20,1,2.1861990220014235e-13,
F0_D3_saved_run_information.mat,#refs#/#l#,21,1,2.2949144356829218e-13,
F0_D3_saved_run_information.mat,#refs#/#l#,22,1,2.4043093206999291e-13,
F0_D3_saved_run_information.mat,#refs#/#l#,23,1,2.5137042057169365e-13,
F0_D3_saved_run_information.mat,#refs#/#l#,24,1,2.6230990907339439e-13,
F0_D3_saved_run_information.mat,#refs#/#l#,25,1,2.7318145044154419e-13,
F0_D3_saved_run_information.mat,#refs#/#l#,26,1,2.8079152939924905e-13,
F0_D3_saved_run_information.mat,#refs#/#m#,0,1,22.587533100000002,
F0_D3_saved_run_information.mat,#refs#/#m#,1,1,323.29177479999998,
F0_D3_saved_run_information.mat,#refs#/#m#,2,1,625.28836409999997,
F0_D3_saved_run_information.mat,#refs#/#m#,3,1,925.39260569999988,
F0_D3_saved_run_information.mat,#refs#/#m#,4,1,1226.8340774999988,
F0_D3_saved_run_information.mat,#refs#/#m#,5,1,1527.8537394999989,
F0_D3_saved_run_information.mat,#refs#/#m#,6,1,1828.8906324999975,
F0_D3_saved_run_information.mat,#refs#/#m#,7,1,2129.623163099996,
F0_D3_saved_run_information.mat,#refs#/#m#,8,1,2430.4958694999964,
F0_D3_saved_run_information.mat,#refs#/#m#,9,1,2731.724687699997,
F0_D3_saved_run_information.mat,#refs#/#m#,10,1,3033.0840527999999,
F0_D3_saved_run_information.mat,#refs#/#m#,11,1,3334.4782281999974,
F0_D3_saved_run_information.mat,#refs#/#m#,12,1,3635.5406569999986,
F0_D3_saved_run_information.mat,#refs#/#m#,13,1,3937.001455300001,
F0_D3_saved_run_information.mat,#refs#/#m#,14,1,4238.4915417000057,
F0_D3_saved_run_information.mat,#refs#/#m#,15,1,4539.0923128000068,
F0_D3_saved_run_information.mat,#refs#/#m#,16,1,4839.2756645000054,
F0_D3_saved_run_information.mat,#refs#/#m#,17,1,5139.9296044999965,
F0_D3_saved_run_information.mat,#refs#/#m#,18,1,5440.8948999999939,
F0_D3_saved_run_information.mat,#refs#/#m#,19,1,5741.4234179999949,
F0_D3_saved_run_information.mat,#refs#/#m#,20,1,6041.5627248999981,
F0_D3_saved_run_information.mat,#refs#/#m#,21,1,6341.6528499999995,
F0_D3_saved_run_information.mat,#refs#/#m#,22,1,6642.2646730000042,
F0_D3_saved_run_information.mat,#refs#/#m#,23,1,6943.8705594000085,
F0_D3_saved_run_information.mat,#refs#/#m#,24,1,7244.6052357000071,
F0_D3_saved_run_information.mat,#refs#/#m#,25,1,7544.7807508000033,
F0_D3_saved_run_information.mat,#refs#/#m#,26,1,7754.121306400004,
F0_D3_saved_run_information.mat,actual_dt,0,1,3.3973566775471255e-17,
F0_D3_saved_run_information.mat,saved_status,0,1,2,
F0_D3_saved_run_information.mat,x_grid,0,1,-4.5000000000000001e-06,
F0_D3_saved_run_information.mat,x_grid,1,1,-4.4800000000000003e-06,
F0_D3_saved_run_information.mat,x_grid,2,1,-4.4600000000000005e-06,
F0_D3_saved_run_information.mat,x_grid,3,1,-4.4400000000000007e-06,
F0_D3_saved_run_information.mat,x_grid,4,1,-4.4200000000000009e-06,
F0_D3_saved_run_information.mat,x_grid,5,1,-4.4000000000000011e-06,
F0_D3_saved_run_information.mat,x_grid,6,1,-4.3800000000000013e-06,
F0_D3_saved_run_information.mat,x_grid,7,1,-4.3600000000000015e-06,
F0_D3_saved_run_information.mat,x_grid,8,1,-4.3400000000000016e-06,
F0_D3_saved_run_information.mat,x_grid,9,1,-4.3200000000000018e-06,
F0_D3_saved_run_information.mat,x_grid,10,1,-4.300000000000002e-06,
F0_D3_saved_run_information.mat,x_grid,11,1,-4.2800000000000022e-06,
F0_D3_saved_run_information.mat,x_grid,12,1,-4.2600000000000024e-06,
F0_D3_saved_run_information.mat,x_grid,13,1,-4.2400000000000026e-06,
F0_D3_saved_run_information.mat,x_grid,14,1,-4.2200000000000028e-06,
F0_D3_saved_run_information.mat,x_grid,15,1,-4.200000000000003e-06,
F0_D3_saved_run_information.mat,x_grid,16,1,-4.1800000000000032e-06,
F0_D3_saved_run_information.mat,x_grid,17,1,-4.1600000000000034e-06,
F0_D3_saved_run_information.mat,x_grid,18,1,-4.1400000000000036e-06,
F0_D3_saved_run_information.mat,x_grid,19,1,-4.1200000000000038e-06,
F0_D3_saved_run_information.mat,x_grid,20,1,-4.1000000000000039e-06,
F0_D3_saved_run_information.mat,x_grid,21,1,-4.0800000000000041e-06,
F0_D3_saved_run_information.mat,x_grid,22,1,-4.0600000000000043e-06,
F0_D3_saved_run_information.mat,x_grid,23,1,-4.0400000000000045e-06,
F0_D3_saved_run_information.mat,x_grid,24,1,-4.0200000000000047e-06,
F0_D3_saved_run_information.mat,x_grid,25,1,-4.0000000000000049e-06,
F0_D3_saved_run_information.mat,x_grid,26,1,-3.9800000000000051e-06,
F0_D3_saved_run_information.mat,x_grid,27,1,-3.9600000000000053e-06,
F0_D3_saved_run_information.mat,x_grid,28,1,-3.9400000000000055e-06,
F0_D3_saved_run_information.mat,x_grid,29,1,-3.9200000000000057e-06,
F0_D3_saved_run_information.mat,x_grid,30,1,-3.9000000000000059e-06,
F0_D3_saved_run_information.mat,x_grid,31,1,-3.8800000000000061e-06,
F0_D3_saved_run_information.mat,x_grid,32,1,-3.8600000000000062e-06,
F0_D3_saved_run_information.mat,x_grid,33,1,-3.8400000000000064e-06,
F0_D3_saved_run_information.mat,x_grid,34,1,-3.8200000000000066e-06,
F0_D3_saved_run_information.mat,x_grid,35,1,-3.8000000000000068e-06,
F0_D3_saved_run_information.mat,x_grid,36,1,-3.780000000000007e-06,
F0_D3_saved_run_information.mat,x_grid,37,1,-3.7600000000000072e-06,
F0_D3_saved_run_information.mat,x_grid,38,1,-3.7400000000000074e-06,
F0_D3_saved_run_information.mat,x_grid,39,1,-3.7200000000000076e-06,
F0_D3_saved_run_information.mat,x_grid,40,1,-3.7000000000000078e-06,
F0_D3_saved_run_information.mat,x_grid,41,1,-3.680000000000008e-06,
F0_D3_saved_run_information.mat,x_grid,42,1,-3.6600000000000082e-06,
F0_D3_saved_run_information.mat,x_grid,43,1,-3.6400000000000083e-06,
F0_D3_saved_run_information.mat,x_grid,44,1,-3.6200000000000085e-06,
F0_D3_saved_run_information.mat,x_grid,45,1,-3.6000000000000087e-06,
F0_D3_saved_run_information.mat,x_grid,46,1,-3.5800000000000089e-06,
F0_D3_saved_run_information.mat,x_grid,47,1,-3.5600000000000091e-06,
F0_D3_saved_run_information.mat,x_grid,48,1,-3.5400000000000093e-06,
F0_D3_saved_run_information.mat,x_grid,49,1,-3.5200000000000095e-06,
F0_D3_saved_run_information.mat,x_grid,50,1,-3.5000000000000097e-06,
F0_D3_saved_run_information.mat,x_grid,51,1,-3.4800000000000099e-06,
F0_D3_saved_run_information.mat,x_grid,52,1,-3.4600000000000101e-06,
F0_D3_saved_run_information.mat,x_grid,53,1,-3.4400000000000103e-06,
F0_D3_saved_run_information.mat,x_grid,54,1,-3.4200000000000105e-06,
F0_D3_saved_run_information.mat,x_grid,55,1,-3.4000000000000106e-06,
F0_D3_saved_run_information.mat,x_grid,56,1,-3.3800000000000108e-06,
F0_D3_saved_run_information.mat,x_grid,57,1,-3.360000000000011e-06,
F0_D3_saved_run_information.mat,x_grid,58,1,-3.3400000000000112e-06,
F0_D3_saved_run_information.mat,x_grid,59,1,-3.3200000000000114e-06,
F0_D3_saved_run_information.mat,x_grid,60,1,-3.3000000000000116e-06,
F0_D3_saved_run_information.mat,x_grid,61,1,-3.2800000000000118e-06,
F0_D3_saved_run_information.mat,x_grid,62,1,-3.260000000000012e-06,
F0_D3_saved_run_information.mat,x_grid,63,1,-3.2400000000000122e-06,
F0_D3_saved_run_information.mat,x_grid,64,1,-3.2200000000000124e-06,
F0_D3_saved_run_information.mat,x_grid,65,1,-3.2000000000000126e-06,
F0_D3_saved_run_information.mat,x_grid,66,1,-3.1800000000000128e-06,
F0_D3_saved_run_information.mat,x_grid,67,1,-3.1600000000000129e-06,
F0_D3_saved_run_information.mat,x_grid,68,1,-3.1400000000000131e-06,
F0_D3_saved_run_information.mat,x_grid,69,1,-3.1200000000000133e-06,
F0_D3_saved_run_information.mat,x_grid,70,1,-3.1000000000000135e-06,
F0_D3_saved_run_information.mat,x_grid,71,1,-3.0800000000000137e-06,
F0_D3_saved_run_information.mat,x_grid,72,1,-3.0600000000000139e-06,
F0_D3_saved_run_information.mat,x_grid,73,1,-3.0400000000000141e-06,
F0_D3_saved_run_information.mat,x_grid,74,1,-3.0200000000000143e-06,
F0_D3_saved_run_information.mat,x_grid,75,1,-3.0000000000000145e-06,
F0_D3_saved_run_information.mat,x_grid,76,1,-2.9800000000000147e-06,
F0_D3_saved_run_information.mat,x_grid,77,1,-2.9600000000000149e-06,
F0_D3_saved_run_information.mat,x_grid,78,1,-2.9400000000000151e-06,
F0_D3_saved_run_information.mat,x_grid,79,1,-2.9200000000000152e-06,
F0_D3_saved_run_information.mat,x_grid,80,1,-2.9000000000000154e-06,
F0_D3_saved_run_information.mat,x_grid,81,1,-2.8800000000000156e-06,
F0_D3_saved_run_information.mat,x_grid,82,1,-2.8600000000000158e-06,
F0_D3_saved_run_information.mat,x_grid,83,1,-2.840000000000016e-06,
F0_D3_saved_run_information.mat,x_grid,84,1,-2.8200000000000162e-06,
F0_D3_saved_run_information.mat,x_grid,85,1,-2.8000000000000164e-06,
F0_D3_saved_run_information.mat,x_grid,86,1,-2.7800000000000166e-06,
F0_D3_saved_run_information.mat,x_grid,87,1,-2.7600000000000168e-06,
F0_D3_saved_run_information.mat,x_grid,88,1,-2.740000000000017e-06,
F0_D3_saved_run_information.mat,x_grid,89,1,-2.7200000000000172e-06,
F0_D3_saved_run_information.mat,x_grid,90,1,-2.7000000000000173e-06,
F0_D3_saved_run_information.mat,x_grid,91,1,-2.6800000000000175e-06,
F0_D3_saved_run_information.mat,x_grid,92,1,-2.6600000000000177e-06,
F0_D3_saved_run_information.mat,x_grid,93,1,-2.6400000000000179e-06,
F0_D3_saved_run_information.mat,x_grid,94,1,-2.6200000000000181e-06,
F0_D3_saved_run_information.mat,x_grid,95,1,-2.6000000000000183e-06,
F0_D3_saved_run_information.mat,x_grid,96,1,-2.5800000000000185e-06,
F0_D3_saved_run_information.mat,x_grid,97,1,-2.5600000000000187e-06,
F0_D3_saved_run_information.mat,x_grid,98,1,-2.5400000000000189e-06,
F0_D3_saved_run_information.mat,x_grid,99,1,-2.5200000000000191e-06,
F0_D3_saved_run_information.mat,x_grid,100,1,-2.5000000000000193e-06,
F0_D3_saved_run_information.mat,x_grid,101,1,-2.4800000000000195e-06,
F0_D3_saved_run_information.mat,x_grid,102,1,-2.4600000000000196e-06,
F0_D3_saved_run_information.mat,x_grid,103,1,-2.4400000000000198e-06,
F0_D3_saved_run_information.mat,x_grid,104,1,-2.42000000000002e-06,
F0_D3_saved_run_information.mat,x_grid,105,1,-2.4000000000000202e-06,
F0_D3_saved_run_information.mat,x_grid,106,1,-2.3800000000000204e-06,
F0_D3_saved_run_information.mat,x_grid,107,1,-2.3600000000000206e-06,
F0_D3_saved_run_information.mat,x_grid,108,1,-2.3400000000000208e-06,
F0_D3_saved_run_information.mat,x_grid,109,1,-2.320000000000021e-06,
F0_D3_saved_run_information.mat,x_grid,110,1,-2.3000000000000212e-06,
F0_D3_saved_run_information.mat,x_grid,111,1,-2.2800000000000214e-06,
F0_D3_saved_run_information.mat,x_grid,112,1,-2.2600000000000216e-06,
F0_D3_saved_run_information.mat,x_grid,113,1,-2.2400000000000218e-06,
F0_D3_saved_run_information.mat,x_grid,114,1,-2.2200000000000219e-06,
F0_D3_saved_run_information.mat,x_grid,115,1,-2.2000000000000221e-06,
F0_D3_saved_run_information.mat,x_grid,116,1,-2.1800000000000223e-06,
F0_D3_saved_run_information.mat,x_grid,117,1,-2.1600000000000225e-06,
F0_D3_saved_run_information.mat,x_grid,118,1,-2.1400000000000227e-06,
F0_D3_saved_run_information.mat,x_grid,119,1,-2.1200000000000229e-06,
F0_D3_saved_run_information.mat,x_grid,120,1,-2.1000000000000231e-06,
F0_D3_saved_run_information.mat,x_grid,121,1,-2.0800000000000233e-06,
F0_D3_saved_run_information.mat,x_grid,122,1,-2.0600000000000235e-06,
F0_D3_saved_run_information.mat,x_grid,123,1,-2.0400000000000237e-06,
F0_D3_saved_run_information.mat,x_grid,124,1,-2.0200000000000239e-06,
F0_D3_saved_run_information.mat,x_grid,125,1,-2.000000000000024e-06,
F0_D3_saved_run_information.mat,x_grid,126,1,-1.9800000000000242e-06,
F0_D3_saved_run_information.mat,x_grid,127,1,-1.9600000000000244e-06,
F0_D3_saved_run_information.mat,x_grid,128,1,-1.9400000000000246e-06,
F0_D3_saved_run_information.mat,x_grid,129,1,-1.9200000000000248e-06,
F0_D3_saved_run_information.mat,x_grid,130,1,-1.9000000000000248e-06,
F0_D3_saved_run_information.mat,x_grid,131,1,-1.8800000000000248e-06,
F0_D3_saved_run_information.mat,x_grid,132,1,-1.8600000000000248e-06,
F0_D3_saved_run_information.mat,x_grid,133,1,-1.8400000000000247e-06,
F0_D3_saved_run_information.mat,x_grid,134,1,-1.8200000000000247e-06,
F0_D3_saved_run_information.mat,x_grid,135,1,-1.8000000000000247e-06,
F0_D3_saved_run_information.mat,x_grid,136,1,-1.7800000000000247e-06,
F0_D3_saved_run_information.mat,x_grid,137,1,-1.7600000000000247e-06,
F0_D3_saved_run_information.mat,x_grid,138,1,-1.7400000000000246e-06,
F0_D3_saved_run_information.mat,x_grid,139,1,-1.7200000000000246e-06,
F0_D3_saved_run_information.mat,x_grid,140,1,-1.7000000000000246e-06,
F0_D3_saved_run_information.mat,x_grid,141,1,-1.6800000000000246e-06,
F0_D3_saved_run_information.mat,x_grid,142,1,-1.6600000000000246e-06,
F0_D3_saved_run_information.mat,x_grid,143,1,-1.6400000000000245e-06,
F0_D3_saved_run_information.mat,x_grid,144,1,-1.6200000000000245e-06,
F0_D3_saved_run_information.mat,x_grid,145,1,-1.6000000000000245e-06,
F0_D3_saved_run_information.mat,x_grid,146,1,-1.5800000000000245e-06,
F0_D3_saved_run_information.mat,x_grid,147,1,-1.5600000000000245e-06,
F0_D3_saved_run_information.mat,x_grid,148,1,-1.5400000000000244e-06,
F0_D3_saved_run_information.mat,x_grid,149,1,-1.5200000000000244e-06,
F0_D3_saved_run_information.mat,x_grid,150,1,-1.5000000000000244e-06,
F0_D3_saved_run_information.mat,x_grid,151,1,-1.4800000000000244e-06,
F0_D3_saved_run_information.mat,x_grid,152,1,-1.4600000000000243e-06,
F0_D3_saved_run_information.mat,x_grid,153,1,-1.4400000000000243e-06,
F0_D3_saved_run_information.mat,x_grid,154,1,-1.4200000000000243e-06,
F0_D3_saved_run_information.mat,x_grid,155,1,-1.4000000000000243e-06,
F0_D3_saved_run_information.mat,x_grid,156,1,-1.3800000000000243e-06,
F0_D3_saved_run_information.mat,x_grid,157,1,-1.3600000000000242e-06,
F0_D3_saved_run_information.mat,x_grid,158,1,-1.3400000000000242e-06,
F0_D3_saved_run_information.mat,x_grid,159,1,-1.3200000000000242e-06,
F0_D3_saved_run_information.mat,x_grid,160,1,-1.3000000000000242e-06,
F0_D3_saved_run_information.mat,x_grid,161,1,-1.2800000000000242e-06,
F0_D3_saved_run_information.mat,x_grid,162,1,-1.2600000000000241e-06,
F0_D3_saved_run_information.mat,x_grid,163,1,-1.2400000000000241e-06,
F0_D3_saved_run_information.mat,x_grid,164,1,-1.2200000000000241e-06,
F0_D3_saved_run_information.mat,x_grid,165,1,-1.2000000000000241e-06,
F0_D3_saved_run_information.mat,x_grid,166,1,-1.1800000000000241e-06,
F0_D3_saved_run_information.mat,x_grid,167,1,-1.160000000000024e-06,
F0_D3_saved_run_information.mat,x_grid,168,1,-1.140000000000024e-06,
F0_D3_saved_run_information.mat,x_grid,169,1,-1.120000000000024e-06,
F0_D3_saved_run_information.mat,x_grid,170,1,-1.100000000000024e-06,
F0_D3_saved_run_information.mat,x_grid,171,1,-1.080000000000024e-06,
F0_D3_saved_run_information.mat,x_grid,172,1,-1.0600000000000239e-06,
F0_D3_saved_run_information.mat,x_grid,173,1,-1.0400000000000239e-06,
F0_D3_saved_run_information.mat,x_grid,174,1,-1.0200000000000239e-06,
F0_D3_saved_run_information.mat,x_grid,175,1,-1.0000000000000239e-06,
F0_D3_saved_run_information.mat,x_grid,176,1,-9.8000000000002386e-07,
F0_D3_saved_run_information.mat,x_grid,177,1,-9.6000000000002384e-07,
F0_D3_saved_run_information.mat,x_grid,178,1,-9.4000000000002382e-07,
F0_D3_saved_run_information.mat,x_grid,179,1,-9.200000000000238e-07,
F0_D3_saved_run_information.mat,x_grid,180,1,-9.0000000000002378e-07,
F0_D3_saved_run_information.mat,x_grid,181,1,-8.8000000000002376e-07,
F0_D3_saved_run_information.mat,x_grid,182,1,-8.6000000000002374e-07,
F0_D3_saved_run_information.mat,x_grid,183,1,-8.4000000000002372e-07,
F0_D3_saved_run_information.mat,x_grid,184,1,-8.200000000000237e-07,
F0_D3_saved_run_information.mat,x_grid,185,1,-8.0000000000002368e-07,
F0_D3_saved_run_information.mat,x_grid,186,1,-7.8000000000002366e-07,
F0_D3_saved_run_information.mat,x_grid,187,1,-7.6000000000002364e-07,
F0_D3_saved_run_information.mat,x_grid,188,1,-7.4000000000002362e-07,
F0_D3_saved_run_information.mat,x_grid,189,1,-7.200000000000236e-07,
F0_D3_saved_run_information.mat,x_grid,190,1,-7.0000000000002358e-07,
F0_D3_saved_run_information.mat,x_grid,191,1,-6.8000000000002356e-07,
F0_D3_saved_run_information.mat,x_grid,192,1,-6.6000000000002354e-07,
F0_D3_saved_run_information.mat,x_grid,193,1,-6.4000000000002352e-07,
F0_D3_saved_run_information.mat,x_grid,194,1,-6.200000000000235e-07,
F0_D3_saved_run_information.mat,x_grid,195,1,-6.0000000000002348e-07,
F0_D3_saved_run_information.mat,x_grid,196,1,-5.8000000000002346e-07,
F0_D3_saved_run_information.mat,x_grid,197,1,-5.6000000000002344e-07,
F0_D3_saved_run_information.mat,x_grid,198,1,-5.4000000000002342e-07,
F0_D3_saved_run_information.mat,x_grid,199,1,-5.200000000000234e-07,
F0_D3_saved_run_information.mat,x_grid,200,1,-5.0000000000002338e-07,
F0_D3_saved_run_information.mat,x_grid,201,1,-4.8000000000002336e-07,
F0_D3_saved_run_information.mat,x_grid,202,1,-4.6000000000002334e-07,
F0_D3_saved_run_information.mat,x_grid,203,1,-4.4000000000002332e-07,
F0_D3_saved_run_information.mat,x_grid,204,1,-4.200000000000233e-07,
F0_D3_saved_run_information.mat,x_grid,205,1,-4.0000000000002328e-07,
F0_D3_saved_run_information.mat,x_grid,206,1,-3.8000000000002326e-07,
F0_D3_saved_run_information.mat,x_grid,207,1,-3.6000000000002323e-07,
F0_D3_saved_run_information.mat,x_grid,208,1,-3.4000000000002321e-07,
F0_D3_saved_run_information.mat,x_grid,209,1,-3.2000000000002319e-07,
F0_D3_saved_run_information.mat,x_grid,210,1,-3.0000000000002317e-07,
F0_D3_saved_run_information.mat,x_grid,211,1,-2.8000000000002315e-07,
F0_D3_saved_run_information.mat,x_grid,212,1,-2.6000000000002313e-07,
F0_D3_saved_run_information.mat,x_grid,213,1,-2.4000000000002311e-07,
F0_D3_saved_run_information.mat,x_grid,214,1,-2.2000000000002312e-07,
F0_D3_saved_run_information.mat,x_grid,215,1,-2.0000000000002313e-07,
F0_D3_saved_run_information.mat,x_grid,216,1,-1.8000000000002313e-07,
F0_D3_saved_run_information.mat,x_grid,217,1,-1.6000000000002314e-07,
F0_D3_saved_run_information.mat,x_grid,218,1,-1.4000000000002314e-07,
F0_D3_saved_run_information.mat,x_grid,219,1,-1.2000000000002315e-07,
F0_D3_saved_run_information.mat,x_grid,220,1,-1.0000000000002316e-07,
F0_D3_saved_run_information.mat,x_grid,221,1,-8.0000000000023163e-08,
F0_D3_saved_run_information.mat,x_grid,222,1,-6.0000000000023169e-08,
F0_D3_saved_run_information.mat,x_grid,223,1,-4.0000000000023169e-08,
F0_D3_saved_run_information.mat,x_grid,224,1,-2.0000000000023168e-08,
F0_D3_saved_run_information.mat,x_grid,225,1,-2.3167674596385199e-20,
F0_D3_saved_run_information.mat,x_grid,226,1,1.9999999999976833e-08,
F0_D3_saved_run_information.mat,x_grid,227,1,3.9999999999976833e-08,
F0_D3_saved_run_information.mat,x_grid,228,1,5.9999999999976834e-08,
F0_D3_saved_run_information.mat,x_grid,229,1,7.9999999999976841e-08,
F0_D3_saved_run_information.mat,x_grid,230,1,9.9999999999976834e-08,
F0_D3_saved_run_information.mat,x_grid,231,1,1.1999999999997683e-07,
F0_D3_saved_run_information.mat,x_grid,232,1,1.3999999999997682e-07,
F0_D3_saved_run_information.mat,x_grid,233,1,1.5999999999997682e-07,
F0_D3_saved_run_information.mat,x_grid,234,1,1.7999999999997681e-07,
F0_D3_saved_run_information.mat,x_grid,235,1,1.999999999999768e-07,
F0_D3_saved_run_information.mat,x_grid,236,1,2.199999999999768e-07,
F0_D3_saved_run_information.mat,x_grid,237,1,2.3999999999997679e-07,
F0_D3_saved_run_information.mat,x_grid,238,1,2.5999999999997681e-07,
F0_D3_saved_run_information.mat,x_grid,239,1,2.7999999999997683e-07,
F0_D3_saved_run_information.mat,x_grid,240,1,2.9999999999997685e-07,
F0_D3_saved_run_information.mat,x_grid,241,1,3.1999999999997687e-07,
F0_D3_saved_run_information.mat,x_grid,242,1,3.3999999999997689e-07,
F0_D3_saved_run_information.mat,x_grid,243,1,3.5999999999997691e-07,
F0_D3_saved_run_information.mat,x_grid,244,1,3.7999999999997693e-07,
F0_D3_saved_run_information.mat,x_grid,245,1,3.9999999999997695e-07,
F0_D3_saved_run_information.mat,x_grid,246,1,4.1999999999997697e-07,
F0_D3_saved_run_information.mat,x_grid,247,1,4.3999999999997699e-07,
F0_D3_saved_run_information.mat,x_grid,248,1,4.5999999999997701e-07,
F0_D3_saved_run_information.mat,x_grid,249,1,4.7999999999997698e-07,
F0_D3_saved_run_information.mat,x_grid,250,1,4.99999999999977e-07,
F0_D3_saved_run_information.mat,x_grid,251,1,5.1999999999997702e-07,
F0_D3_saved_run_information.mat,x_grid,252,1,5.3999999999997704e-07,
F0_D3_saved_run_information.mat,x_grid,253,1,5.5999999999997706e-07,
F0_D3_saved_run_information.mat,x_grid,254,1,5.7999999999997708e-07,
F0_D3_saved_run_information.mat,x_grid,255,1,5.999999999999771e-07,
F0_D3_saved_run_information.mat,x_grid,256,1,6.1999999999997712e-07,
F0_D3_saved_run_information.mat,x_grid,257,1,6.3999999999997714e-07,
F0_D3_saved_run_information.mat,x_grid,258,1,6.5999999999997716e-07,
F0_D3_saved_run_information.mat,x_grid,259,1,6.7999999999997718e-07,
F0_D3_saved_run_information.mat,x_grid,260,1,6.999999999999772e-07,
F0_D3_saved_run_information.mat,x_grid,261,1,7.1999999999997722e-07,
F0_D3_saved_run_information.mat,x_grid,262,1,7.3999999999997724e-07,
F0_D3_saved_run_information.mat,x_grid,263,1,7.5999999999997727e-07,
F0_D3_saved_run_information.mat,x_grid,264,1,7.7999999999997729e-07,
F0_D3_saved_run_information.mat,x_grid,265,1,7.9999999999997731e-07,
F0_D3_saved_run_information.mat,x_grid,266,1,8.1999999999997733e-07,
F0_D3_saved_run_information.mat,x_grid,267,1,8.3999999999997735e-07,
F0_D3_saved_run_information.mat,x_grid,268,1,8.5999999999997737e-07,
F0_D3_saved_run_information.mat,x_grid,269,1,8.7999999999997739e-07,
F0_D3_saved_run_information.mat,x_grid,270,1,8.9999999999997741e-07,
F0_D3_saved_run_information.mat,x_grid,271,1,9.1999999999997743e-07,
F0_D3_saved_run_information.mat,x_grid,272,1,9.3999999999997745e-07,
F0_D3_saved_run_information.mat,x_grid,273,1,9.5999999999997747e-07,
F0_D3_saved_run_information.mat,x_grid,274,1,9.7999999999997749e-07,
F0_D3_saved_run_information.mat,x_grid,275,1,9.9999999999997751e-07,
F0_D3_saved_run_information.mat,x_grid,276,1,1.0199999999999775e-06,
F0_D3_saved_run_information.mat,x_grid,277,1,1.0399999999999775e-06,
F0_D3_saved_run_information.mat,x_grid,278,1,1.0599999999999776e-06,
F0_D3_saved_run_information.mat,x_grid,279,1,1.0799999999999776e-06,
F0_D3_saved_run_information.mat,x_grid,280,1,1.0999999999999776e-06,
F0_D3_saved_run_information.mat,x_grid,281,1,1.1199999999999776e-06,
F0_D3_saved_run_information.mat,x_grid,282,1,1.1399999999999777e-06,
F0_D3_saved_run_information.mat,x_grid,283,1,1.1599999999999777e-06,
F0_D3_saved_run_information.mat,x_grid,284,1,1.1799999999999777e-06,
F0_D3_saved_run_information.mat,x_grid,285,1,1.1999999999999777e-06,
F0_D3_saved_run_information.mat,x_grid,286,1,1.2199999999999777e-06,
F0_D3_saved_run_information.mat,x_grid,287,1,1.2399999999999778e-06,
F0_D3_saved_run_information.mat,x_grid,288,1,1.2599999999999778e-06,
F0_D3_saved_run_information.mat,x_grid,289,1,1.2799999999999778e-06,
F0_D3_saved_run_information.mat,x_grid,290,1,1.2999999999999778e-06,
F0_D3_saved_run_information.mat,x_grid,291,1,1.3199999999999778e-06,
F0_D3_saved_run_information.mat,x_grid,292,1,1.3399999999999779e-06,
F0_D3_saved_run_information.mat,x_grid,293,1,1.3599999999999779e-06,
F0_D3_saved_run_information.mat,x_grid,294,1,1.3799999999999779e-06,
F0_D3_saved_run_information.mat,x_grid,295,1,1.3999999999999779e-06,
F0_D3_saved_run_information.mat,x_grid,296,1,1.4199999999999779e-06,
F0_D3_saved_run_information.mat,x_grid,297,1,1.439999999999978e-06,
F0_D3_saved_run_information.mat,x_grid,298,1,1.459999999999978e-06,
F0_D3_saved_run_information.mat,x_grid,299,1,1.479999999999978e-06,
F0_D3_saved_run_information.mat,x_grid,300,1,1.499999999999978e-06,
F0_D3_saved_run_information.mat,x_grid,301,1,1.519999999999978e-06,
F0_D3_saved_run_information.mat,x_grid,302,1,1.5399999999999781e-06,
F0_D3_saved_run_information.mat,x_grid,303,1,1.5599999999999781e-06,
F0_D3_saved_run_information.mat,x_grid,304,1,1.5799999999999781e-06,
F0_D3_saved_run_information.mat,x_grid,305,1,1.5999999999999781e-06,
F0_D3_saved_run_information.mat,x_grid,306,1,1.6199999999999781e-06,
F0_D3_saved_run_information.mat,x_grid,307,1,1.6399999999999782e-06,
F0_D3_saved_run_information.mat,x_grid,308,1,1.6599999999999782e-06,
F0_D3_saved_run_information.mat,x_grid,309,1,1.6799999999999782e-06,
F0_D3_saved_run_information.mat,x_grid,310,1,1.6999999999999782e-06,
F0_D3_saved_run_information.mat,x_grid,311,1,1.7199999999999782e-06,
F0_D3_saved_run_information.mat,x_grid,312,1,1.7399999999999783e-06,
F0_D3_saved_run_information.mat,x_grid,313,1,1.7599999999999783e-06,
F0_D3_saved_run_information.mat,x_grid,314,1,1.7799999999999783e-06,
F0_D3_saved_run_information.mat,x_grid,315,1,1.7999999999999783e-06,
F0_D3_saved_run_information.mat,x_grid,316,1,1.8199999999999783e-06,
F0_D3_saved_run_information.mat,x_grid,317,1,1.8399999999999784e-06,
F0_D3_saved_run_information.mat,x_grid,318,1,1.8599999999999784e-06,
F0_D3_saved_run_information.mat,x_grid,319,1,1.8799999999999784e-06,
F0_D3_saved_run_information.mat,x_grid,320,1,1.8999999999999784e-06,
F0_D3_saved_run_information.mat,x_grid,321,1,1.9199999999999782e-06,
F0_D3_saved_run_information.mat,x_grid,322,1,1.939999999999978e-06,
F0_D3_saved_run_information.mat,x_grid,323,1,1.9599999999999778e-06,
F0_D3_saved_run_information.mat,x_grid,324,1,1.9799999999999777e-06,
F0_D3_saved_run_information.mat,x_grid,325,1,1.9999999999999775e-06,
F0_D3_saved_run_information.mat,x_grid,326,1,2.0199999999999773e-06,
F0_D3_saved_run_information.mat,x_grid,327,1,2.0399999999999771e-06,
F0_D3_saved_run_information.mat,x_grid,328,1,2.0599999999999769e-06,
F0_D3_saved_run_information.mat,x_grid,329,1,2.0799999999999767e-06,
F0_D3_saved_run_information.mat,x_grid,330,1,2.0999999999999765e-06,
F0_D3_saved_run_information.mat,x_grid,331,1,2.1199999999999763e-06,
F0_D3_saved_run_information.mat,x_grid,332,1,2.1399999999999761e-06,
F0_D3_saved_run_information.mat,x_grid,333,1,2.1599999999999759e-06,
F0_D3_saved_run_information.mat,x_grid,334,1,2.1799999999999757e-06,
F0_D3_saved_run_information.mat,x_grid,335,1,2.1999999999999755e-06,
F0_D3_saved_run_information.mat,x_grid,336,1,2.2199999999999754e-06,
F0_D3_saved_run_information.mat,x_grid,337,1,2.2399999999999752e-06,
F0_D3_saved_run_information.mat,x_grid,338,1,2.259999999999975e-06,
F0_D3_saved_run_information.mat,x_grid,339,1,2.2799999999999748e-06,
F0_D3_saved_run_information.mat,x_grid,340,1,2.2999999999999746e-06,
F0_D3_saved_run_information.mat,x_grid,341,1,2.3199999999999744e-06,
F0_D3_saved_run_information.mat,x_grid,342,1,2.3399999999999742e-06,
F0_D3_saved_run_information.mat,x_grid,343,1,2.359999999999974e-06,
F0_D3_saved_run_information.mat,x_grid,344,1,2.3799999999999738e-06,
F0_D3_saved_run_information.mat,x_grid,345,1,2.3999999999999736e-06,
F0_D3_saved_run_information.mat,x_grid,346,1,2.4199999999999734e-06,
F0_D3_saved_run_information.mat,x_grid,347,1,2.4399999999999733e-06,
F0_D3_saved_run_information.mat,x_grid,348,1,2.4599999999999731e-06,
F0_D3_saved_run_information.mat,x_grid,349,1,2.4799999999999729e-06,
F0_D3_saved_run_information.mat,x_grid,350,1,2.4999999999999727e-06,
F0_D3_saved_run_information.mat,x_grid,351,1,2.5199999999999725e-06,
F0_D3_saved_run_information.mat,x_grid,352,1,2.5399999999999723e-06,
F0_D3_saved_run_information.mat,x_grid,353,1,2.5599999999999721e-06,
F0_D3_saved_run_information.mat,x_grid,354,1,2.5799999999999719e-06,
F0_D3_saved_run_information.mat,x_grid,355,1,2.5999999999999717e-06,
F0_D3_saved_run_information.mat,x_grid,356,1,2.6199999999999715e-06,
F0_D3_saved_run_information.mat,x_grid,357,1,2.6399999999999713e-06,
F0_D3_saved_run_information.mat,x_grid,358,1,2.6599999999999711e-06,
F0_D3_saved_run_information.mat,x_grid,359,1,2.679999999999971e-06,
F0_D3_saved_run_information.mat,x_grid,360,1,2.6999999999999708e-06,
F0_D3_saved_run_information.mat,x_grid,361,1,2.7199999999999706e-06,
F0_D3_saved_run_information.mat,x_grid,362,1,2.7399999999999704e-06,
F0_D3_saved_run_information.mat,x_grid,363,1,2.7599999999999702e-06,
F0_D3_saved_run_information.mat,x_grid,364,1,2.77999999999997e-06,
F0_D3_saved_run_information.mat,x_grid,365,1,2.7999999999999698e-06,
F0_D3_saved_run_information.mat,x_grid,366,1,2.8199999999999696e-06,
F0_D3_saved_run_information.mat,x_grid,367,1,2.8399999999999694e-06,
F0_D3_saved_run_information.mat,x_grid,368,1,2.8599999999999692e-06,
F0_D3_saved_run_information.mat,x_grid,369,1,2.879999999999969e-06,
F0_D3_saved_run_information.mat,x_grid,370,1,2.8999999999999688e-06,
F0_D3_saved_run_information.mat,x_grid,371,1,2.9199999999999687e-06,
F0_D3_saved_run_information.mat,x_grid,372,1,2.9399999999999685e-06,
F0_D3_saved_run_information.mat,x_grid,373,1,2.9599999999999683e-06,
F0_D3_saved_run_information.mat,x_grid,374,1,2.9799999999999681e-06,
F0_D3_saved_run_information.mat,x_grid,375,1,2.9999999999999679e-06,
F0_D3_saved_run_information.mat,x_grid,376,1,3.0199999999999677e-06,
F0_D3_saved_run_information.mat,x_grid,377,1,3.0399999999999675e-06,
F0_D3_saved_run_information.mat,x_grid,378,1,3.0599999999999673e-06,
F0_D3_saved_run_information.mat,x_grid,379,1,3.0799999999999671e-06,
F0_D3_saved_run_information.mat,x_grid,380,1,3.0999999999999669e-06,
F0_D3_saved_run_information.mat,x_grid,381,1,3.1199999999999667e-06,
F0_D3_saved_run_information.mat,x_grid,382,1,3.1399999999999665e-06,
F0_D3_saved_run_information.mat,x_grid,383,1,3.1599999999999664e-06,
F0_D3_saved_run_information.mat,x_grid,384,1,3.1799999999999662e-06,
F0_D3_saved_run_information.mat,x_grid,385,1,3.199999999999966e-06,
F0_D3_saved_run_information.mat,x_grid,386,1,3.2199999999999658e-06,
F0_D3_saved_run_information.mat,x_grid,387,1,3.2399999999999656e-06,
F0_D3_saved_run_information.mat,x_grid,388,1,3.2599999999999654e-06,
F0_D3_saved_run_information.mat,x_grid,389,1,3.2799999999999652e-06,
F0_D3_saved_run_information.mat,x_grid,390,1,3.299999999999965e-06,
F0_D3_saved_run_information.mat,x_grid,391,1,3.3199999999999648e-06,
F0_D3_saved_run_information.mat,x_grid,392,1,3.3399999999999646e-06,
F0_D3_saved_run_information.mat,x_grid,393,1,3.3599999999999644e-06,
F0_D3_saved_run_information.mat,x_grid,394,1,3.3799999999999643e-06,
F0_D3_saved_run_information.mat,x_grid,395,1,3.3999999999999641e-06,
F0_D3_saved_run_information.mat,x_grid,396,1,3.4199999999999639e-06,
F0_D3_saved_run_information.mat,x_grid,397,1,3.4399999999999637e-06,
F0_D3_saved_run_information.mat,x_grid,398,1,3.4599999999999635e-06,
F0_D3_saved_run_information.mat,x_grid,399,1,3.4799999999999633e-06,
F0_D3_saved_run_information.mat,x_grid,400,1,3.4999999999999631e-06,
F0_D3_saved_run_information.mat,x_grid,401,1,3.5199999999999629e-06,
F0_D3_saved_run_information.mat,x_grid,402,1,3.5399999999999627e-06,
F0_D3_saved_run_information.mat,x_grid,403,1,3.5599999999999625e-06,
F0_D3_saved_run_information.mat,x_grid,404,1,3.5799999999999623e-06,
F0_D3_saved_run_information.mat,x_grid,405,1,3.5999999999999621e-06,
F0_D3_saved_run_information.mat,x_grid,406,1,3.619999999999962e-06,
F0_D3_saved_run_information.mat,x_grid,407,1,3.6399999999999618e-06,
F0_D3_saved_run_information.mat,x_grid,408,1,3.6599999999999616e-06,
F0_D3_saved_run_information.mat,x_grid,409,1,3.6799999999999614e-06,
F0_D3_saved_run_information.mat,x_grid,410,1,3.6999999999999612e-06,
F0_D3_saved_run_information.mat,x_grid,411,1,3.719999999999961e-06,
F0_D3_saved_run_information.mat,x_grid,412,1,3.7399999999999608e-06,
F0_D3_saved_run_information.mat,x_grid,413,1,3.7599999999999606e-06,
F0_D3_saved_run_information.mat,x_grid,414,1,3.7799999999999604e-06,
F0_D3_saved_run_information.mat,x_grid,415,1,3.7999999999999602e-06,
F0_D3_saved_run_information.mat,x_grid,416,1,3.81999999999996e-06,
F0_D3_saved_run_information.mat,x_grid,417,1,3.8399999999999598e-06,
F0_D3_saved_run_information.mat,x_grid,418,1,3.8599999999999597e-06,
F0_D3_saved_run_information.mat,x_grid,419,1,3.8799999999999595e-06,
F0_D3_saved_run_information.mat,x_grid,420,1,3.8999999999999593e-06,
F0_D3_saved_run_information.mat,x_grid,421,1,3.9199999999999591e-06,
F0_D3_saved_run_information.mat,x_grid,422,1,3.9399999999999589e-06,
F0_D3_saved_run_information.mat,x_grid,423,1,3.9599999999999587e-06,
F0_D3_saved_run_information.mat,x_grid,424,1,3.9799999999999585e-06,
F0_D3_saved_run_information.mat,x_grid,425,1,3.9999999999999583e-06,
F0_D3_saved_run_information.mat,x_grid,426,1,4.0199999999999581e-06,
F0_D3_saved_run_information.mat,x_grid,427,1,4.0399999999999579e-06,
F0_D3_saved_run_information.mat,x_grid,428,1,4.0599999999999577e-06,
F0_D3_saved_run_information.mat,x_grid,429,1,4.0799999999999575e-06,
F0_D3_saved_run_information.mat,x_grid,430,1,4.0999999999999574e-06,
F0_D3_saved_run_information.mat,x_grid,431,1,4.1199999999999572e-06,
F0_D3_saved_run_information.mat,x_grid,432,1,4.139999999999957e-06,
F0_D3_saved_run_information.mat,x_grid,433,1,4.1599999999999568e-06,
F0_D3_saved_run_information.mat,x_grid,434,1,4.1799999999999566e-06,
F0_D3_saved_run_information.mat,x_grid,435,1,4.1999999999999564e-06,
F0_D3_saved_run_information.mat,x_grid,436,1,4.2199999999999562e-06,
F0_D3_saved_run_information.mat,x_grid,437,1,4.239999999999956e-06,
F0_D3_saved_run_information.mat,x_grid,438,1,4.2599999999999558e-06,
F0_D3_saved_run_information.mat,x_grid,439,1,4.2799999999999556e-06,
F0_D3_saved_run_information.mat,x_grid,440,1,4.2999999999999554e-06,
F0_D3_saved_run_information.mat,x_grid,441,1,4.3199999999999553e-06,
F0_D3_saved_run_information.mat,x_grid,442,1,4.3399999999999551e-06,
F0_D3_saved_run_information.mat,x_grid,443,1,4.3599999999999549e-06,
F0_D3_saved_run_information.mat,x_grid,444,1,4.3799999999999547e-06,
F0_D3_saved_run_information.mat,x_grid,445,1,4.3999999999999545e-06,
F0_D3_saved_run_information.mat,x_grid,446,1,4.4199999999999543e-06,
F0_D3_saved_run_information.mat,x_grid,447,1,4.4399999999999541e-06,
F0_D3_saved_run_information.mat,x_grid,448,1,4.4599999999999539e-06,
F0_D3_saved_run_information.mat,x_grid,449,1,4.4799999999999537e-06,
F0_D3_saved_run_information.mat,x_grid,450,1,4.5000000000000001e-06,
F0_D3_saved_run_information.mat,y_grid,0,1,-2.598076211353316e-06,
F0_D3_saved_run_information.mat,y_grid,1,1,-2.5780910097275211e-06,
F0_D3_saved_run_information.mat,y_grid,2,1,-2.5581058081017261e-06,
F0_D3_saved_run_information.mat,y_grid,3,1,-2.5381206064759312e-06,
F0_D3_saved_run_information.mat,y_grid,4,1,-2.5181354048501362e-06,
F0_D3_saved_run_information.mat,y_grid,5,1,-2.4981502032243413e-06,
F0_D3_saved_run_information.mat,y_grid,6,1,-2.4781650015985463e-06,
F0_D3_saved_run_information.mat,y_grid,7,1,-2.4581797999727514e-06,
F0_D3_saved_run_information.mat,y_grid,8,1,-2.4381945983469564e-06,
F0_D3_saved_run_information.mat,y_grid,9,1,-2.4182093967211615e-06,
F0_D3_saved_run_information.mat,y_grid,10,1,-2.3982241950953666e-06,
F0_D3_saved_run_information.mat,y_grid,11,1,-2.3782389934695716e-06,
F0_D3_saved_run_information.mat,y_grid,12,1,-2.3582537918437767e-06,
F0_D3_saved_run_information.mat,y_grid,13,1,-2.3382685902179817e-06,
F0_D3_saved_run_information.mat,y_grid,14,1,-2.3182833885921868e-06,
F0_D3_saved_run_information.mat,y_grid,15,1,-2.2982981869663918e-06,
F0_D3_saved_run_information.mat,y_grid,16,1,-2.2783129853405969e-06,
F0_D3_saved_run_information.mat,y_grid,17,1,-2.2583277837148019e-06,
F0_D3_saved_run_information.mat,y_grid,18,1,-2.238342582089007e-06,
F0_D3_saved_run_information.mat,y_grid,19,1,-2.218357380463212e-06,
F0_D3_saved_run_information.mat,y_grid,20,1,-2.1983721788374171e-06,
F0_D3_saved_run_information.mat,y_grid,21,1,-2.1783869772116221e-06,
F0_D3_saved_run_information.mat,y_grid,22,1,-2.1584017755858272e-06,
F0_D3_saved_run_information.mat,y_grid,23,1,-2.1384165739600322e-06,
F0_D3_saved_run_information.mat,y_grid,24,1,-2.1184313723342373e-06,
F0_D3_saved_run_information.mat,y_grid,25,1,-2.0984461707084423e-06,
F0_D3_saved_run_information.mat,y_grid,26,1,-2.0784609690826474e-06,
F0_D3_saved_run_information.mat,y_grid,27,1,-2.0584757674568525e-06,
F0_D3_saved_run_information.mat,y_grid,28,1,-2.0384905658310575e-06,
F0_D3_saved_run_information.mat,y_grid,29,1,-2.0185053642052626e-06,
F0_D3_saved_run_information.mat,y_grid,30,1,-1.9985201625794676e-06,
F0_D3_saved_run_information.mat,y_grid,31,1,-1.9785349609536727e-06,
F0_D3_saved_run_information.mat,y_grid,32,1,-1.9585497593278777e-06,
F0_D3_saved_run_information.mat,y_grid,33,1,-1.9385645577020828e-06,
F0_D3_saved_run_information.mat,y_grid,34,1,-1.9185793560762878e-06,
F0_D3_saved_run_information.mat,y_grid,35,1,-1.8985941544504931e-06,
F0_D3_saved_run_information.mat,y_grid,36,1,-1.8786089528246984e-06,
F0_D3_saved_run_information.mat,y_grid,37,1,-1.8586237511989036e-06,
F0_D3_saved_run_information.mat,y_grid,38,1,-1.8386385495731089e-06,
F0_D3_saved_run_information.mat,y_grid,39,1,-1.8186533479473141e-06,
F0_D3_saved_run_information.mat,y_grid,40,1,-1.7986681463215194e-06,
F0_D3_saved_run_information.mat,y_grid,41,1,-1.7786829446957247e-06,
F0_D3_saved_run_information.mat,y_grid,42,1,-1.7586977430699299e-06,
F0_D3_saved_run_information.mat,y_grid,43,1,-1.7387125414441352e-06,
F0_D3_saved_run_information.mat,y_grid,44,1,-1.7187273398183405e-06,
F0_D3_saved_run_information.mat,y_grid,45,1,-1.6987421381925457e-06,
F0_D3_saved_run_information.mat,y_grid,46,1,-1.678756936566751e-06,
F0_D3_saved_run_information.mat,y_grid,47,1,-1.6587717349409563e-06,
F0_D3_saved_run_information.mat,y_grid,48,1,-1.6387865333151615e-06,
F0_D3_saved_run_information.mat,y_grid,49,1,-1.6188013316893668e-06,
F0_D3_saved_run_information.mat,y_grid,50,1,-1.5988161300635721e-06,
F0_D3_saved_run_information.mat,y_grid,51,1,-1.5788309284377773e-06,
F0_D3_saved_run_information.mat,y_grid,52,1,-1.5588457268119826e-06,
F0_D3_saved_run_information.mat,y_grid,53,1,-1.5388605251861878e-06,
F0_D3_saved_run_information.mat,y_grid,54,1,-1.5188753235603931e-06,
F0_D3_saved_run_information.mat,y_grid,55,1,-1.4988901219345984e-06,
F0_D3_saved_run_information.mat,y_grid,56,1,-1.4789049203088036e-06,
F0_D3_saved_run_information.mat,y_grid,57,1,-1.4589197186830089e-06,
F0_D3_saved_run_information.mat,y_grid,58,1,-1.4389345170572142e-06,
F0_D3_saved_run_information.mat,y_grid,59,1,-1.4189493154314194e-06,
F0_D3_saved_run_information.mat,y_grid,60,1,-1.3989641138056247e-06,
F0_D3_saved_run_information.mat,y_grid,61,1,-1.37897891217983e-06,
F0_D3_saved_run_information.mat,y_grid,62,1,-1.3589937105540352e-06,
F0_D3_saved_run_information.mat,y_grid,63,1,-1.3390085089282405e-06,
F0_D3_saved_run_information.mat,y_grid,64,1,-1.3190233073024458e-06,
F0_D3_saved_run_information.mat,y_grid,65,1,-1.299038105676651e-06,
F0_D3_saved_run_information.mat,y_grid,66,1,-1.2790529040508563e-06,
F0_D3_saved_run_information.mat,y_grid,67,1,-1.2590677024250616e-06,
F0_D3_saved_run_information.mat,y_grid,68,1,-1.2390825007992668e-06,
F0_D3_saved_run_information.mat,y_grid,69,1,-1.2190972991734721e-06,
F0_D3_saved_run_information.mat,y_grid,70,1,-1.1991120975476773e-06,
F0_D3_saved_run_information.mat,y_grid,71,1,-1.1791268959218826e-06,
F0_D3_saved_run_information.mat,y_grid,72,1,-1.1591416942960879e-06,
F0_D3_saved_run_information.mat,y_grid,73,1,-1.1391564926702931e-06,
F0_D3_saved_run_information.mat,y_grid,74,1,-1.1191712910444984e-06,
F0_D3_saved_run_information.mat,y_grid,75,1,-1.0991860894187037e-06,
F0_D3_saved_run_information.mat,y_grid,76,1,-1.0792008877929089e-06,
F0_D3_saved_run_information.mat,y_grid,77,1,-1.0592156861671142e-06,
F0_D3_saved_run_information.mat,y_grid,78,1,-1.0392304845413195e-06,
F0_D3_saved_run_information.mat,y_grid,79,1,-1.0192452829155247e-06,
F0_D3_saved_run_information.mat,y_grid,80,1,-9.9926008128972999e-07,
F0_D3_saved_run_information.mat,y_grid,81,1,-9.7927487966393526e-07,
F0_D3_saved_run_information.mat,y_grid,82,1,-9.5928967803814052e-07,
F0_D3_saved_run_information.mat,y_grid,83,1,-9.3930447641234579e-07,
F0_D3_saved_run_information.mat,y_grid,84,1,-9.1931927478655105e-07,
F0_D3_saved_run_information.mat,y_grid,85,1,-8.9933407316075632e-07,
F0_D3_saved_run_information.mat,y_grid,86,1,-8.7934887153496158e-07,
F0_D3_saved_run_information.mat,y_grid,87,1,-8.5936366990916685e-07,
F0_D3_saved_run_information.mat,y_grid,88,1,-8.3937846828337211e-07,
F0_D3_saved_run_information.mat,y_grid,89,1,-8.1939326665757738e-07,
F0_D3_saved_run_information.mat,y_grid,90,1,-7.9940806503178264e-07,
F0_D3_saved_run_information.mat,y_grid,91,1,-7.794228634059879e-07,
F0_D3_saved_run_information.mat,y_grid,92,1,-7.5943766178019317e-07,
F0_D3_saved_run_information.mat,y_grid,93,1,-7.3945246015439843e-07,
F0_D3_saved_run_information.mat,y_grid,94,1,-7.194672585286037e-07,
F0_D3_saved_run_information.mat,y_grid,95,1,-6.9948205690280896e-07,
F0_D3_saved_run_information.mat,y_grid,96,1,-6.7949685527701423e-07,
F0_D3_saved_run_information.mat,y_grid,97,1,-6.5951165365121949e-07,
F0_D3_saved_run_information.mat,y_grid,98,1,-6.3952645202542476e-07,
F0_D3_saved_run_information.mat,y_grid,99,1,-6.1954125039963002e-07,
F0_D3_saved_run_information.mat,y_grid,100,1,-5.9955604877383529e-07,
F0_D3_saved_run_information.mat,y_grid,101,1,-5.7957084714804055e-07,
F0_D3_saved_run_information.mat,y_grid,102,1,-5.5958564552224581e-07,
F0_D3_saved_run_information.mat,y_grid,103,1,-5.3960044389645108e-07,
F0_D3_saved_run_information.mat,y_grid,104,1,-5.1961524227065634e-07,
F0_D3_saved_run_information.mat,y_grid,105,1,-4.9963004064486161e-07,
F0_D3_saved_run_information.mat,y_grid,106,1,-4.7964483901906687e-07,
F0_D3_saved_run_information.mat,y_grid,107,1,-4.5965963739327214e-07,
F0_D3_saved_run_information.mat,y_grid,108,1,-4.396744357674774e-07,
F0_D3_saved_run_information.mat,y_grid,109,1,-4.1968923414168267e-07,
F0_D3_saved_run_information.mat,y_grid,110,1,-3.9970403251588793e-07,
F0_D3_saved_run_information.mat,y_grid,111,1,-3.797188308900932e-07,
F0_D3_saved_run_information.mat,y_grid,112,1,-3.5973362926429846e-07,
F0_D3_saved_run_information.mat,y_grid,113,1,-3.3974842763850373e-07,
F0_D3_saved_run_information.mat,y_grid,114,1,-3.1976322601270899e-07,
F0_D3_saved_run_information.mat,y_grid,115,1,-2.9977802438691425e-07,
F0_D3_saved_run_information.mat,y_grid,116,1,-2.7979282276111952e-07,
F0_D3_saved_run_information.mat,y_grid,117,1,-2.5980762113532478e-07,
F0_D3_saved_run_information.mat,y_grid,118,1,-2.3982241950953005e-07,
F0_D3_saved_run_information.mat,y_grid,119,1,-2.1983721788373531e-07,
F0_D3_saved_run_information.mat,y_grid,120,1,-1.9985201625794058e-07,
F0_D3_saved_run_information.mat,y_grid,121,1,-1.7986681463214584e-07,
F0_D3_saved_run_information.mat,y_grid,122,1,-1.5988161300635111e-07,
F0_D3_saved_run_information.mat,y_grid,123,1,-1.3989641138055637e-07,
F0_D3_saved_run_information.mat,y_grid,124,1,-1.1991120975476164e-07,
F0_D3_saved_run_information.mat,y_grid,125,1,-9.9926008128966901e-08,
F0_D3_saved_run_information.mat,y_grid,126,1,-7.9940806503172165e-08,
F0_D3_saved_run_information.mat,y_grid,127,1,-5.995560487737743e-08,
F0_D3_saved_run_information.mat,y_grid,128,1,-3.9970403251582695e-08,
F0_D3_saved_run_information.mat,y_grid,129,1,-1.9985201625787956e-08,
F0_D3_saved_run_information.mat,y_grid,130,1,6.7828810229348269e-21,
F0_D3_saved_run_information.mat,y_grid,131,1,1.9985201625801522e-08,
F0_D3_saved_run_information.mat,y_grid,132,1,3.997040325159626e-08,
F0_D3_saved_run_information.mat,y_grid,133,1,5.9955604877390996e-08,
F0_D3_saved_run_information.mat,y_grid,134,1,7.9940806503185731e-08,
F0_D3_saved_run_information.mat,y_grid,135,1,9.9926008128980466e-08,
F0_D3_saved_run_information.mat,y_grid,136,1,1.1991120975477522e-07,
F0_D3_saved_run_information.mat,y_grid,137,1,1.3989641138056995e-07,
F0_D3_saved_run_information.mat,y_grid,138,1,1.5988161300636469e-07,
F0_D3_saved_run_information.mat,y_grid,139,1,1.7986681463215942e-07,
F0_D3_saved_run_information.mat,y_grid,140,1,1.9985201625795416e-07,
F0_D3_saved_run_information.mat,y_grid,141,1,2.1983721788374889e-07,
F0_D3_saved_run_information.mat,y_grid,142,1,2.3982241950954365e-07,
F0_D3_saved_run_information.mat,y_grid,143,1,2.5980762113533839e-07,
F0_D3_saved_run_information.mat,y_grid,144,1,2.7979282276113312e-07,
F0_D3_saved_run_information.mat,y_grid,145,1,2.9977802438692786e-07,
F0_D3_saved_run_information.mat,y_grid,146,1,3.197632260127226e-07,
F0_D3_saved_run_information.mat,y_grid,147,1,3.3974842763851733e-07,
F0_D3_saved_run_information.mat,y_grid,148,1,3.5973362926431207e-07,
F0_D3_saved_run_information.mat,y_grid,149,1,3.797188308901068e-07,
F0_D3_saved_run_information.mat,y_grid,150,1,3.9970403251590154e-07,
F0_D3_saved_run_information.mat,y_grid,151,1,4.1968923414169627e-07,
F0_D3_saved_run_information.mat,y_grid,152,1,4.3967443576749101e-07,
F0_D3_saved_run_information.mat,y_grid,153,1,4.5965963739328574e-07,
F0_D3_saved_run_information.mat,y_grid,154,1,4.7964483901908053e-07,
F0_D3_saved_run_information.mat,y_grid,155,1,4.9963004064487527e-07,
F0_D3_saved_run_information.mat,y_grid,156,1,5.1961524227067e-07,
F0_D3_saved_run_information.mat,y_grid,157,1,5.3960044389646474e-07,
F0_D3_saved_run_information.mat,y_grid,158,1,5.5958564552225947e-07,
F0_D3_saved_run_information.mat,y_grid,159,1,5.7957084714805421e-07,
F0_D3_saved_run_information.mat,y_grid,160,1,5.9955604877384894e-07,
F0_D3_saved_run_information.mat,y_grid,161,1,6.1954125039964368e-07,
F0_D3_saved_run_information.mat,y_grid,162,1,6.3952645202543841e-07,
F0_D3_saved_run_information.mat,y_grid,163,1,6.5951165365123315e-07,
F0_D3_saved_run_information.mat,y_grid,164,1,6.7949685527702789e-07,
F0_D3_saved_run_information.mat,y_grid,165,1,6.9948205690282262e-07,
F0_D3_saved_run_information.mat,y_grid,166,1,7.1946725852861736e-07,
F0_D3_saved_run_information.mat,y_grid,167,1,7.3945246015441209e-07,
F0_D3_saved_run_information.mat,y_grid,168,1,7.5943766178020683e-07,
F0_D3_saved_run_information.mat,y_grid,169,1,7.7942286340600156e-07,
F0_D3_saved_run_information.mat,y_grid,170,1,7.994080650317963e-07,
F0_D3_saved_run_information.mat,y_grid,171,1,8.1939326665759103e-07,
F0_D3_saved_run_information.mat,y_grid,172,1,8.3937846828338577e-07,
F0_D3_saved_run_information.mat,y_grid,173,1,8.593636699091805e-07,
F0_D3_saved_run_information.mat,y_grid,174,1,8.7934887153497524e-07,
F0_D3_saved_run_information.mat,y_grid,175,1,8.9933407316076998e-07,
F0_D3_saved_run_information.mat,y_grid,176,1,9.1931927478656471e-07,
F0_D3_saved_run_information.mat,y_grid,177,1,9.3930447641235945e-07,
F0_D3_saved_run_information.mat,y_grid,178,1,9.5928967803815429e-07,
F0_D3_saved_run_information.mat,y_grid,179,1,9.7927487966394902e-07,
F0_D3_saved_run_information.mat,y_grid,180,1,9.9926008128974376e-07,
F0_D3_saved_run_information.mat,y_grid,181,1,1.0192452829155385e-06,
F0_D3_saved_run_information.mat,y_grid,182,1,1.0392304845413332e-06,
F0_D3_saved_run_information.mat,y_grid,183,1,1.059215686167128e-06,
F0_D3_saved_run_information.mat,y_grid,184,1,1.0792008877929227e-06,
F0_D3_saved_run_information.mat,y_grid,185,1,1.0991860894187174e-06,
F0_D3_saved_run_information.mat,y_grid,186,1,1.1191712910445122e-06,
F0_D3_saved_run_information.mat,y_grid,187,1,1.1391564926703069e-06,
F0_D3_saved_run_information.mat,y_grid,188,1,1.1591416942961016e-06,
F0_D3_saved_run_information.mat,y_grid,189,1,1.1791268959218964e-06,
F0_D3_saved_run_information.mat,y_grid,190,1,1.1991120975476911e-06,
F0_D3_saved_run_information.mat,y_grid,191,1,1.2190972991734858e-06,
F0_D3_saved_run_information.mat,y_grid,192,1,1.2390825007992806e-06,
F0_D3_saved_run_information.mat,y_grid,193,1,1.2590677024250753e-06,
F0_D3_saved_run_information.mat,y_grid,194,1,1.2790529040508701e-06,
F0_D3_saved_run_information.mat,y_grid,195,1,1.2990381056766648e-06,
F0_D3_saved_run_information.mat,y_grid,196,1,1.3190233073024595e-06,
F0_D3_saved_run_information.mat,y_grid,197,1,1.3390085089282543e-06,
F0_D3_saved_run_information.mat,y_grid,198,1,1.358993710554049e-06,
F0_D3_saved_run_information.mat,y_grid,199,1,1.3789789121798437e-06,
F0_D3_saved_run_information.mat,y_grid,200,1,1.3989641138056385e-06,
F0_D3_saved_run_information.mat,y_grid,201,1,1.4189493154314332e-06,
F0_D3_saved_run_information.mat,y_grid,202,1,1.4389345170572279e-06,
F0_D3_saved_run_information.mat,y_grid,203,1,1.4589197186830227e-06,
F0_D3_saved_run_information.mat,y_grid,204,1,1.4789049203088174e-06,
F0_D3_saved_run_information.mat,y_grid,205,1,1.4988901219346121e-06,
F0_D3_saved_run_information.mat,y_grid,206,1,1.5188753235604069e-06,
F0_D3_saved_run_information.mat,y_grid,207,1,1.5388605251862016e-06,
F0_D3_saved_run_information.mat,y_grid,208,1,1.5588457268119963e-06,
F0_D3_saved_run_information.mat,y_grid,209,1,1.5788309284377911e-06,
F0_D3_saved_run_information.mat,y_grid,210,1,1.5988161300635858e-06,
F0_D3_saved_run_information.mat,y_grid,211,1,1.6188013316893806e-06,
F0_D3_saved_run_information.mat,y_grid,212,1,1.6387865333151753e-06,
F0_D3_saved_run_information.mat,y_grid,213,1,1.65877173494097e-06,
F0_D3_saved_run_information.mat,y_grid,214,1,1.6787569365667648e-06,
F0_D3_saved_run_information.mat,y_grid,215,1,1.6987421381925595e-06,
F0_D3_saved_run_information.mat,y_grid,216,1,1.7187273398183542e-06,
F0_D3_saved_run_information.mat,y_grid,217,1,1.738712541444149e-06,
F0_D3_saved_run_information.mat,y_grid,218,1,1.7586977430699437e-06,
F0_D3_saved_run_information.mat,y_grid,219,1,1.7786829446957384e-06,
F0_D3_saved_run_information.mat,y_grid,220,1,1.7986681463215332e-06,
F0_D3_saved_run_information.mat,y_grid,221,1,1.8186533479473279e-06,
F0_D3_saved_run_information.mat,y_grid,222,1,1.8386385495731226e-06,
F0_D3_saved_run_information.mat,y_grid,223,1,1.8586237511989174e-06,
F0_D3_saved_run_information.mat,y_grid,224,1,1.8786089528247121e-06,
F0_D3_saved_run_information.mat,y_grid,225,1,1.8985941544505069e-06,
F0_D3_saved_run_information.mat,y_grid,226,1,1.9185793560763018e-06,
F0_D3_saved_run_information.mat,y_grid,227,1,1.9385645577020967e-06,
F0_D3_saved_run_information.mat,y_grid,228,1,1.9585497593278917e-06,
F0_D3_saved_run_information.mat,y_grid,229,1,1.9785349609536866e-06,
F0_D3_saved_run_information.mat,y_grid,230,1,1.9985201625794816e-06,
F0_D3_saved_run_information.mat,y_grid,231,1,2.0185053642052765e-06,
F0_D3_saved_run_information.mat,y_grid,232,1,2.0384905658310715e-06,
F0_D3_saved_run_information.mat,y_grid,233,1,2.0584757674568664e-06,
F0_D3_saved_run_information.mat,y_grid,234,1,2.0784609690826614e-06,
F0_D3_saved_run_information.mat,y_grid,235,1,2.0984461707084563e-06,
F0_D3_saved_run_information.mat,y_grid,236,1,2.1184313723342513e-06,
F0_D3_saved_run_information.mat,y_grid,237,1,2.1384165739600462e-06,
F0_D3_saved_run_information.mat,y_grid,238,1,2.1584017755858412e-06,
F0_D3_saved_run_information.mat,y_grid,239,1,2.1783869772116361e-06,
F0_D3_saved_run_information.mat,y_grid,240,1,2.1983721788374311e-06,
F0_D3_saved_run_information.mat,y_grid,241,1,2.218357380463226e-06,
F0_D3_saved_run_information.mat,y_grid,242,1,2.238342582089021e-06,
F0_D3_saved_run_information.mat,y_grid,243,1,2.2583277837148159e-06,
F0_D3_saved_run_information.mat,y_grid,244,1,2.2783129853406108e-06,
F0_D3_saved_run_information.mat,y_grid,245,1,2.2982981869664058e-06,
F0_D3_saved_run_information.mat,y_grid,246,1,2.3182833885922007e-06,
F0_D3_saved_run_information.mat,y_grid,247,1,2.3382685902179957e-06,
F0_D3_saved_run_information.mat,y_grid,248,1,2.3582537918437906e-06,
F0_D3_saved_run_information.mat,y_grid,249,1,2.3782389934695856e-06,
F0_D3_saved_run_information.mat,y_grid,250,1,2.3982241950953805e-06,
F0_D3_saved_run_information.mat,y_grid,251,1,2.4182093967211755e-06,
F0_D3_saved_run_information.mat,y_grid,252,1,2.4381945983469704e-06,
F0_D3_saved_run_information.mat,y_grid,253,1,2.4581797999727654e-06,
F0_D3_saved_run_information.mat,y_grid,254,1,2.4781650015985603e-06,
F0_D3_saved_run_information.mat,y_grid,255,1,2.4981502032243553e-06,
F0_D3_saved_run_information.mat,y_grid,256,1,2.5181354048501502e-06,
F0_D3_saved_run_information.mat,y_grid,257,1,2.5381206064759452e-06,
F0_D3_saved_run_information.mat,y_grid,258,1,2.5581058081017401e-06,
F0_D3_saved_run_information.mat,y_grid,259,1,2.5780910097275351e-06,
F0_D3_saved_run_information.mat,y_grid,260,1,2.598076211353316e-06,
F0_D3_saved_run_information.mat,z_grid,0,1,-1.15e-05,
F0_D3_saved_run_information.mat,z_grid,1,1,-1.1474137931034482e-05,
F0_D3_saved_run_information.mat,z_grid,2,1,-1.1448275862068965e-05,
F0_D3_saved_run_information.mat,z_grid,3,1,-1.1422413793103447e-05,
F0_D3_saved_run_information.mat,z_grid,4,1,-1.1396551724137929e-05,
F0_D3_saved_run_information.mat,z_grid,5,1,-1.1370689655172412e-05,
F0_D3_saved_run_information.mat,z_grid,6,1,-1.1344827586206894e-05,
F0_D3_saved_run_information.mat,z_grid,7,1,-1.1318965517241376e-05,
F0_D3_saved_run_information.mat,z_grid,8,1,-1.1293103448275858e-05,
F0_D3_saved_run_information.mat,z_grid,9,1,-1.1267241379310341e-05,
F0_D3_saved_run_information.mat,z_grid,10,1,-1.1241379310344823e-05,
F0_D3_saved_run_information.mat,z_grid,11,1,-1.1215517241379305e-05,
F0_D3_saved_run_information.mat,z_grid,12,1,-1.1189655172413788e-05,
F0_D3_saved_run_information.mat,z_grid,13,1,-1.116379310344827e-05,
F0_D3_saved_run_information.mat,z_grid,14,1,-1.1137931034482752e-05,
F0_D3_saved_run_information.mat,z_grid,15,1,-1.1112068965517235e-05,
F0_D3_saved_run_information.mat,z_grid,16,1,-1.1086206896551717e-05,
F0_D3_saved_run_information.mat,z_grid,17,1,-1.1060344827586199e-05,
F0_D3_saved_run_information.mat,z_grid,18,1,-1.1034482758620682e-05,
F0_D3_saved_run_information.mat,z_grid,19,1,-1.1008620689655164e-05,
F0_D3_saved_run_information.mat,z_grid,20,1,-1.0982758620689646e-05,
F0_D3_saved_run_information.mat,z_grid,21,1,-1.0956896551724128e-05,
F0_D3_saved_run_information.mat,z_grid,22,1,-1.0931034482758611e-05,
F0_D3_saved_run_information.mat,z_grid,23,1,-1.0905172413793093e-05,
F0_D3_saved_run_information.mat,z_grid,24,1,-1.0879310344827575e-05,
F0_D3_saved_run_information.mat,z_grid,25,1,-1.0853448275862058e-05,
F0_D3_saved_run_information.mat,z_grid,26,1,-1.082758620689654e-05,
F0_D3_saved_run_information.mat,z_grid,27,1,-1.0801724137931022e-05,
F0_D3_saved_run_information.mat,z_grid,28,1,-1.0775862068965505e-05,
F0_D3_saved_run_information.mat,z_grid,29,1,-1.0749999999999987e-05,
F0_D3_saved_run_information.mat,z_grid,30,1,-1.0724137931034469e-05,
F0_D3_saved_run_information.mat,z_grid,31,1,-1.0698275862068951e-05,
F0_D3_saved_run_information.mat,z_grid,32,1,-1.0672413793103434e-05,
F0_D3_saved_run_information.mat,z_grid,33,1,-1.0646551724137916e-05,
F0_D3_saved_run_information.mat,z_grid,34,1,-1.0620689655172414e-05,
F0_D3_saved_run_information.mat,z_grid,35,1,-1.0594905682407962e-05,
F0_D3_saved_run_information.mat,z_grid,36,1,-1.0569203609786851e-05,
F0_D3_saved_run_information.mat,z_grid,37,1,-1.0543583177161668e-05,
F0_D3_saved_run_information.mat,z_grid,38,1,-1.0518044125211343e-05,
F0_D3_saved_run_information.mat,z_grid,39,1,-1.0492586195438514e-05,
F0_D3_saved_run_information.mat,z_grid,40,1,-1.0467209130166911e-05,
F0_D3_saved_run_information.mat,z_grid,41,1,-1.0441912672538744e-05,
F0_D3_saved_run_information.mat,z_grid,42,1,-1.0416696566512107e-05,
F0_D3_saved_run_information.mat,z_grid,43,1,-1.0391560556858383e-05,
F0_D3_saved_run_information.mat,z_grid,44,1,-1.0366504389159664e-05,
F0_D3_saved_run_information.mat,z_grid,45,1,-1.0341527809806174e-05,
F0_D3_saved_run_information.mat,z_grid,46,1,-1.0316630565993703e-05,
F0_D3_saved_run_information.mat,z_grid,47,1,-1.0291812405721045e-05,
F0_D3_saved_run_information.mat,z_grid,48,1,-1.0267073077787453e-05,
F0_D3_saved_run_information.mat,z_grid,49,1,-1.0242412331790095e-05,
F0_D3_saved_run_information.mat,z_grid,50,1,-1.0217829918121512e-05,
F0_D3_saved_run_information.mat,z_grid,51,1,-1.0193325587967102e-05,
F0_D3_saved_run_information.mat,z_grid,52,1,-1.0168899093302594e-05,
F0_D3_saved_run_information.mat,z_grid,53,1,-1.0144550186891544e-05,
F0_D3_saved_run_information.mat,z_grid,54,1,-1.0120278622282828e-05,
F0_D3_saved_run_information.mat,z_grid,55,1,-1.0096084153808148e-05,
F0_D3_saved_run_information.mat,z_grid,56,1,-1.0071966536579546e-05,
F0_D3_saved_run_information.mat,z_grid,57,1,-1.0047925526486926e-05,
F0_D3_saved_run_information.mat,z_grid,58,1,-1.0023960880195583e-05,
F0_D3_saved_run_information.mat,z_grid,59,1,-9.9999999999999839e-06,
F0_D3_saved_run_information.mat,z_grid,60,1,-9.9760391198044018e-06,
F0_D3_saved_run_information.mat,z_grid,61,1,-9.9520782396088027e-06,
F0_D3_saved_run_information.mat,z_grid,62,1,-9.9281173594132037e-06,
F0_D3_saved_run_information.mat,z_grid,63,1,-9.9041564792176046e-06,
F0_D3_saved_run_information.mat,z_grid,64,1,-9.8801955990220056e-06,
F0_D3_saved_run_information.mat,z_grid,65,1,-9.8562347188264065e-06,
F0_D3_saved_run_information.mat,z_grid,66,1,-9.8322738386308075e-06,
F0_D3_saved_run_information.mat,z_grid,67,1,-9.8083129584352085e-06,
F0_D3_saved_run_information.mat,z_grid,68,1,-9.7843520782396094e-06,
F0_D3_saved_run_information.mat,z_grid,69,1,-9.7603911980440104e-06,
F0_D3_saved_run_information.mat,z_grid,70,1,-9.7364303178484113e-06,
F0_D3_saved_run_information.mat,z_grid,71,1,-9.7124694376528123e-06,
F0_D3_saved_run_information.mat,z_grid,72,1,-9.6885085574572132e-06,
F0_D3_saved_run_information.mat,z_grid,73,1,-9.6645476772616142e-06,
F0_D3_saved_run_information.mat,z_grid,74,1,-9.6405867970660151e-06,
F0_D3_saved_run_information.mat,z_grid,75,1,-9.6166259168704161e-06,
F0_D3_saved_run_information.mat,z_grid,76,1,-9.592665036674817e-06,
F0_D3_saved_run_information.mat,z_grid,77,1,-9.568704156479218e-06,
F0_D3_saved_run_information.mat,z_grid,78,1,-9.544743276283619e-06,
F0_D3_saved_run_information.mat,z_grid,79,1,-9.5207823960880199e-06,
F0_D3_saved_run_information.mat,z_grid,80,1,-9.4968215158924209e-06,
F0_D3_saved_run_information.mat,z_grid,81,1,-9.4728606356968218e-06,
F0_D3_saved_run_information.mat,z_grid,82,1,-9.4488997555012228e-06,
F0_D3_saved_run_information.mat,z_grid,83,1,-9.4249388753056237e-06,
F0_D3_saved_run_information.mat,z_grid,84,1,-9.4009779951100247e-06,
F0_D3_saved_run_information.mat,z_grid,85,1,-9.3770171149144256e-06,
F0_D3_saved_run_information.mat,z_grid,86,1,-9.3530562347188266e-06,
F0_D3_saved_run_information.mat,z_grid,87,1,-9.3290953545232276e-06,
F0_D3_saved_run_information.mat,z_grid,88,1,-9.3051344743276285e-06,
F0_D3_saved_run_information.mat,z_grid,89,1,-9.2811735941320295e-06,
F0_D3_saved_run_information.mat,z_grid,90,1,-9.2572127139364304e-06,
F0_D3_saved_run_information.mat,z_grid,91,1,-9.2332518337408314e-06,
F0_D3_saved_run_information.mat,z_grid,92,1,-9.2092909535452323e-06,
F0_D3_saved_run_information.mat,z_grid,93,1,-9.1853300733496333e-06,
F0_D3_saved_run_information.mat,z_grid,94,1,-9.1613691931540342e-06,
F0_D3_saved_run_information.mat,z_grid,95,1,-9.1374083129584352e-06,
F0_D3_saved_run_information.mat,z_grid,96,1,-9.1134474327628361e-06,
F0_D3_saved_run_information.mat,z_grid,97,1,-9.0894865525672371e-06,
F0_D3_saved_run_information.mat,z_grid,98,1,-9.0655256723716381e-06,
F0_D3_saved_run_information.mat,z_grid,99,1,-9.041564792176039e-06,
F0_D3_saved_run_information.mat,z_grid,100,1,-9.01760391198044e-06,
F0_D3_saved_run_information.mat,z_grid,101,1,-8.9936430317848409e-06,
F0_D3_saved_run_information.mat,z_grid,102,1,-8.9696821515892419e-06,
F0_D3_saved_run_information.mat,z_grid,103,1,-8.9457212713936428e-06,
F0_D3_saved_run_information.mat,z_grid,104,1,-8.9217603911980438e-06,
F0_D3_saved_run_information.mat,z_grid,105,1,-8.8977995110024447e-06,
F0_D3_saved_run_information.mat,z_grid,106,1,-8.8738386308068457e-06,
F0_D3_saved_run_information.mat,z_grid,107,1,-8.8498777506112466e-06,
F0_D3_saved_run_information.mat,z_grid,108,1,-8.8259168704156476e-06,
F0_D3_saved_run_information.mat,z_grid,109,1,-8.8019559902200486e-06,
F0_D3_saved_run_information.mat,z_grid,110,1,-8.7779951100244495e-06,
F0_D3_saved_run_information.mat,z_grid,111,1,-8.7540342298288505e-06,
F0_D3_saved_run_information.mat,z_grid,112,1,-8.7300733496332514e-06,
F0_D3_saved_run_information.mat,z_grid,113,1,-8.7061124694376524e-06,
F0_D3_saved_run_information.mat,z_grid,114,1,-8.6821515892420533e-06,
F0_D3_saved_run_information.mat,z_grid,115,1,-8.6581907090464543e-06,
F0_D3_saved_run_information.mat,z_grid,116,1,-8.6342298288508552e-06,
F0_D3_saved_run_information.mat,z_grid,117,1,-8.6102689486552562e-06,
F0_D3_saved_run_information.mat,z_grid,118,1,-8.5863080684596571e-06,
F0_D3_saved_run_information.mat,z_grid,119,1,-8.5623471882640581e-06,
F0_D3_saved_run_information.mat,z_grid,120,1,-8.5383863080684591e-06,
F0_D3_saved_run_information.mat,z_grid,121,1,-8.51442542787286e-06,
F0_D3_saved_run_information.mat,z_grid,122,1,-8.490464547677261e-06,
F0_D3_saved_run_information.mat,z_grid,123,1,-8.4665036674816619e-06,
F0_D3_saved_run_information.mat,z_grid,124,1,-8.4425427872860629e-06,
F0_D3_saved_run_information.mat,z_grid,125,1,-8.4185819070904638e-06,
F0_D3_saved_run_information.mat,z_grid,126,1,-8.3946210268948648e-06,
F0_D3_saved_run_information.mat,z_grid,127,1,-8.3706601466992657e-06,
F0_D3_saved_run_information.mat,z_grid,128,1,-8.3466992665036667e-06,
F0_D3_saved_run_information.mat,z_grid,129,1,-8.3227383863080677e-06,
F0_D3_saved_run_information.mat,z_grid,130,1,-8.2987775061124686e-06,
F0_D3_saved_run_information.mat,z_grid,131,1,-8.2748166259168696e-06,
F0_D3_saved_run_information.mat,z_grid,132,1,-8.2508557457212705e-06,
F0_D3_saved_run_information.mat,z_grid,133,1,-8.2268948655256715e-06,
F0_D3_saved_run_information.mat,z_grid,134,1,-8.2029339853300724e-06,
F0_D3_saved_run_information.mat,z_grid,135,1,-8.1789731051344734e-06,
F0_D3_saved_run_information.mat,z_grid,136,1,-8.1550122249388743e-06,
F0_D3_saved_run_information.mat,z_grid,137,1,-8.1310513447432753e-06,
F0_D3_saved_run_information.mat,z_grid,138,1,-8.1070904645476762e-06,
F0_D3_saved_run_information.mat,z_grid,139,1,-8.0831295843520772e-06,
F0_D3_saved_run_information.mat,z_grid,140,1,-8.0591687041564782e-06,
F0_D3_saved_run_information.mat,z_grid,141,1,-8.0352078239608791e-06,
F0_D3_saved_run_information.mat,z_grid,142,1,-8.0112469437652801e-06,
F0_D3_saved_run_information.mat,z_grid,143,1,-7.987286063569681e-06,
F0_D3_saved_run_information.mat,z_grid,144,1,-7.963325183374082e-06,
F0_D3_saved_run_information.mat,z_grid,145,1,-7.9393643031784829e-06,
F0_D3_saved_run_information.mat,z_grid,146,1,-7.9154034229828839e-06,
F0_D3_saved_run_information.mat,z_grid,147,1,-7.8914425427872848e-06,
F0_D3_saved_run_information.mat,z_grid,148,1,-7.8674816625916858e-06,
F0_D3_saved_run_information.mat,z_grid,149,1,-7.8435207823960867e-06,
F0_D3_saved_run_information.mat,z_grid,150,1,-7.8195599022004877e-06,
F0_D3_saved_run_information.mat,z_grid,151,1,-7.7955990220048887e-06,
F0_D3_saved_run_information.mat,z_grid,152,1,-7.7716381418092896e-06,
F0_D3_saved_run_information.mat,z_grid,153,1,-7.7476772616136906e-06,
F0_D3_saved_run_information.mat,z_grid,154,1,-7.7237163814180915e-06,
F0_D3_saved_run_information.mat,z_grid,155,1,-7.6997555012224925e-06,
F0_D3_saved_run_information.mat,z_grid,156,1,-7.6757946210268934e-06,
F0_D3_saved_run_information.mat,z_grid,157,1,-7.6518337408312944e-06,
F0_D3_saved_run_information.mat,z_grid,158,1,-7.6278728606356953e-06,
F0_D3_saved_run_information.mat,z_grid,159,1,-7.6039119804400963e-06,
F0_D3_saved_run_information.mat,z_grid,160,1,-7.5799511002444972e-06,
F0_D3_saved_run_information.mat,z_grid,161,1,-7.5559902200488982e-06,
F0_D3_saved_run_information.mat,z_grid,162,1,-7.5320293398532992e-06,
F0_D3_saved_run_information.mat,z_grid,163,1,-7.5080684596577001e-06,
F0_D3_saved_run_information.mat,z_grid,164,1,-7.4841075794621011e-06,
F0_D3_saved_run_information.mat,z_grid,165,1,-7.460146699266502e-06,
F0_D3_saved_run_information.mat,z_grid,166,1,-7.436185819070903e-06,
F0_D3_saved_run_information.mat,z_grid,167,1,-7.4122249388753039e-06,
F0_D3_saved_run_information.mat,z_grid,168,1,-7.3882640586797049e-06,
F0_D3_saved_run_information.mat,z_grid,169,1,-7.3643031784841058e-06,
F0_D3_saved_run_information.mat,z_grid,170,1,-7.3403422982885068e-06,
F0_D3_saved_run_information.mat,z_grid,171,1,-7.3163814180929077e-06,
F0_D3_saved_run_information.mat,z_grid,172,1,-7.2924205378973087e-06,
F0_D3_saved_run_information.mat,z_grid,173,1,-7.2684596577017097e-06,
F0_D3_saved_run_information.mat,z_grid,174,1,-7.2444987775061106e-06,
F0_D3_saved_run_information.mat,z_grid,175,1,-7.2205378973105116e-06,
F0_D3_saved_run_information.mat,z_grid,176,1,-7.1965770171149125e-06,
F0_D3_saved_run_information.mat,z_grid,177,1,-7.1726161369193135e-06,
F0_D3_saved_run_information.mat,z_grid,178,1,-7.1486552567237144e-06,
F0_D3_saved_run_information.mat,z_grid,179,1,-7.1246943765281154e-06,
F0_D3_saved_run_information.mat,z_grid,180,1,-7.1007334963325163e-06,
F0_D3_saved_run_information.mat,z_grid,181,1,-7.0767726161369173e-06,
F0_D3_saved_run_information.mat,z_grid,182,1,-7.0528117359413183e-06,
F0_D3_saved_run_information.mat,z_grid,183,1,-7.0288508557457192e-06,
F0_D3_saved_run_information.mat,z_grid,184,1,-7.0048899755501202e-06,
F0_D3_saved_run_information.mat,z_grid,185,1,-6.9809290953545211e-06,
F0_D3_saved_run_information.mat,z_grid,186,1,-6.9569682151589221e-06,
F0_D3_saved_run_information.mat,z_grid,187,1,-6.933007334963323e-06,
F0_D3_saved_run_information.mat,z_grid,188,1,-6.909046454767724e-06,
F0_D3_saved_run_information.mat,z_grid,189,1,-6.8850855745721249e-06,
F0_D3_saved_run_information.mat,z_grid,190,1,-6.8611246943765259e-06,
F0_D3_saved_run_information.mat,z_grid,191,1,-6.8371638141809268e-06,
F0_D3_saved_run_information.mat,z_grid,192,1,-6.8132029339853278e-06,
F0_D3_saved_run_information.mat,z_grid,193,1,-6.7892420537897288e-06,
F0_D3_saved_run_information.mat,z_grid,194,1,-6.7652811735941297e-06,
F0_D3_saved_run_information.mat,z_grid,195,1,-6.7413202933985307e-06,
F0_D3_saved_run_information.mat,z_grid,196,1,-6.7173594132029316e-06,
F0_D3_saved_run_information.mat,z_grid,197,1,-6.6933985330073326e-06,
F0_D3_saved_run_information.mat,z_grid,198,1,-6.6694376528117335e-06,
F0_D3_saved_run_information.mat,z_grid,199,1,-6.6454767726161345e-06,
F0_D3_saved_run_information.mat,z_grid,200,1,-6.6215158924205354e-06,
F0_D3_saved_run_information.mat,z_grid,201,1,-6.5975550122249364e-06,
F0_D3_saved_run_information.mat,z_grid,202,1,-6.5735941320293373e-06,
F0_D3_saved_run_information.mat,z_grid,203,1,-6.5496332518337383e-06,
F0_D3_saved_run_information.mat,z_grid,204,1,-6.5256723716381393e-06,
F0_D3_saved_run_information.mat,z_grid,205,1,-6.5017114914425402e-06,
F0_D3_saved_run_information.mat,z_grid,206,1,-6.4777506112469412e-06,
F0_D3_saved_run_information.mat,z_grid,207,1,-6.4537897310513421e-06,
F0_D3_saved_run_information.mat,z_grid,208,1,-6.4298288508557431e-06,
F0_D3_saved_run_information.mat,z_grid,209,1,-6.405867970660144e-06,
F0_D3_saved_run_information.mat,z_grid,210,1,-6.381907090464545e-06,
F0_D3_saved_run_information.mat,z_grid,211,1,-6.3579462102689459e-06,
F0_D3_saved_run_information.mat,z_grid,212,1,-6.3339853300733469e-06,
F0_D3_saved_run_information.mat,z_grid,213,1,-6.3100244498777478e-06,
F0_D3_saved_run_information.mat,z_grid,214,1,-6.2860635696821488e-06,
F0_D3_saved_run_information.mat,z_grid,215,1,-6.2621026894865498e-06,
F0_D3_saved_run_information.mat,z_grid,216,1,-6.2381418092909507e-06,
F0_D3_saved_run_information.mat,z_grid,217,1,-6.2141809290953517e-06,
F0_D3_saved_run_information.mat,z_grid,218,1,-6.1902200488997526e-06,
F0_D3_saved_run_information.mat,z_grid,219,1,-6.1662591687041536e-06,
F0_D3_saved_run_information.mat,z_grid,220,1,-6.1422982885085545e-06,
F0_D3_saved_run_information.mat,z_grid,221,1,-6.1183374083129555e-06,
F0_D3_saved_run_information.mat,z_grid,222,1,-6.0943765281173564e-06,
F0_D3_saved_run_information.mat,z_grid,223,1,-6.0704156479217574e-06,
F0_D3_saved_run_information.mat,z_grid,224,1,-6.0464547677261584e-06,
F0_D3_saved_run_information.mat,z_grid,225,1,-6.0224938875305593e-06,
F0_D3_saved_run_information.mat,z_grid,226,1,-5.9985330073349603e-06,
F0_D3_saved_run_information.mat,z_grid,227,1,-5.9745721271393612e-06,
F0_D3_saved_run_information.mat,z_grid,228,1,-5.9506112469437622e-06,
F0_D3_saved_run_information.mat,z_grid,229,1,-5.9266503667481631e-06,
F0_D3_saved_run_information.mat,z_grid,230,1,-5.9026894865525641e-06,
F0_D3_saved_run_information.mat,z_grid,231,1,-5.878728606356965e-06,
F0_D3_saved_run_information.mat,z_grid,232,1,-5.854767726161366e-06,
F0_D3_saved_run_information.mat,z_grid,233,1,-5.8308068459657669e-06,
F0_D3_saved_run_information.mat,z_grid,234,1,-5.8068459657701679e-06,
F0_D3_saved_run_information.mat,z_grid,235,1,-5.7828850855745689e-06,
F0_D3_saved_run_information.mat,z_grid,236,1,-5.7589242053789698e-06,
F0_D3_saved_run_information.mat,z_grid,237,1,-5.7349633251833708e-06,
F0_D3_saved_run_information.mat,z_grid,238,1,-5.7110024449877717e-06,
F0_D3_saved_run_information.mat,z_grid,239,1,-5.6870415647921727e-06,
F0_D3_saved_run_information.mat,z_grid,240,1,-5.6630806845965736e-06,
F0_D3_saved_run_information.mat,z_grid,241,1,-5.6391198044009746e-06,
F0_D3_saved_run_information.mat,z_grid,242,1,-5.6151589242053755e-06,
F0_D3_saved_run_information.mat,z_grid,243,1,-5.5911980440097765e-06,
F0_D3_saved_run_information.mat,z_grid,244,1,-5.5672371638141774e-06,
F0_D3_saved_run_information.mat,z_grid,245,1,-5.5432762836185784e-06,
F0_D3_saved_run_information.mat,z_grid,246,1,-5.5193154034229794e-06,
F0_D3_saved_run_information.mat,z_grid,247,1,-5.4953545232273803e-06,
F0_D3_saved_run_information.mat,z_grid,248,1,-5.4713936430317813e-06,
F0_D3_saved_run_information.mat,z_grid,249,1,-5.4474327628361822e-06,
F0_D3_saved_run_information.mat,z_grid,250,1,-5.4234718826405832e-06,
F0_D3_saved_run_information.mat,z_grid,251,1,-5.3995110024449841e-06,
F0_D3_saved_run_information.mat,z_grid,252,1,-5.3755501222493851e-06,
F0_D3_saved_run_information.mat,z_grid,253,1,-5.351589242053786e-06,
F0_D3_saved_run_information.mat,z_grid,254,1,-5.327628361858187e-06,
F0_D3_saved_run_information.mat,z_grid,255,1,-5.3036674816625879e-06,
F0_D3_saved_run_information.mat,z_grid,256,1,-5.2797066014669889e-06,
F0_D3_saved_run_information.mat,z_grid,257,1,-5.2557457212713899e-06,
F0_D3_saved_run_information.mat,z_grid,258,1,-5.2317848410757908e-06,
F0_D3_saved_run_information.mat,z_grid,259,1,-5.2078239608801918e-06,
F0_D3_saved_run_information.mat,z_grid,260,1,-5.1838630806845927e-06,
F0_D3_saved_run_information.mat,z_grid,261,1,-5.1599022004889937e-06,
F0_D3_saved_run_information.mat,z_grid,262,1,-5.1359413202933946e-06,
F0_D3_saved_run_information.mat,z_grid,263,1,-5.1119804400977956e-06,
F0_D3_saved_run_information.mat,z_grid,264,1,-5.0880195599021965e-06,
F0_D3_saved_run_information.mat,z_grid,265,1,-5.0640586797065975e-06,
F0_D3_saved_run_information.mat,z_grid,266,1,-5.0400977995109985e-06,
F0_D3_saved_run_information.mat,z_grid,267,1,-5.0161369193153994e-06,
F0_D3_saved_run_information.mat,z_grid,268,1,-4.9921760391198004e-06,
F0_D3_saved_run_information.mat,z_grid,269,1,-4.9682151589242013e-06,
F0_D3_saved_run_information.mat,z_grid,270,1,-4.9442542787286023e-06,
F0_D3_saved_run_information.mat,z_grid,271,1,-4.9202933985330032e-06,
F0_D3_saved_run_information.mat,z_grid,272,1,-4.8963325183374042e-06,
F0_D3_saved_run_information.mat,z_grid,273,1,-4.8723716381418051e-06,
F0_D3_saved_run_information.mat,z_grid,274,1,-4.8484107579462061e-06,
F0_D3_saved_run_information.mat,z_grid,275,1,-4.824449877750607e-06,
F0_D3_saved_run_information.mat,z_grid,276,1,-4.800488997555008e-06,
F0_D3_saved_run_information.mat,z_grid,277,1,-4.776528117359409e-06,
F0_D3_saved_run_information.mat,z_grid,278,1,-4.7525672371638099e-06,
F0_D3_saved_run_information.mat,z_grid,279,1,-4.7286063569682109e-06,
F0_D3_saved_run_information.mat,z_grid,280,1,-4.7046454767726118e-06,
F0_D3_saved_run_information.mat,z_grid,281,1,-4.6806845965770128e-06,
F0_D3_saved_run_information.mat,z_grid,282,1,-4.6567237163814137e-06,
F0_D3_saved_run_information.mat,z_grid,283,1,-4.6327628361858147e-06,
F0_D3_saved_run_information.mat,z_grid,284,1,-4.6088019559902156e-06,
F0_D3_saved_run_information.mat,z_grid,285,1,-4.5848410757946166e-06,
F0_D3_saved_run_information.mat,z_grid,286,1,-4.5608801955990175e-06,
F0_D3_saved_run_information.mat,z_grid,287,1,-4.5369193154034185e-06,
F0_D3_saved_run_information.mat,z_grid,288,1,-4.5129584352078195e-06,
F0_D3_saved_run_information.mat,z_grid,289,1,-4.4889975550122204e-06,
F0_D3_saved_run_information.mat,z_grid,290,1,-4.4650366748166214e-06,
F0_D3_saved_run_information.mat,z_grid,291,1,-4.4410757946210223e-06,
F0_D3_saved_run_information.mat,z_grid,292,1,-4.4171149144254233e-06,
F0_D3_saved_run_information.mat,z_grid,293,1,-4.3931540342298242e-06,
F0_D3_saved_run_information.mat,z_grid,294,1,-4.3691931540342252e-06,
F0_D3_saved_run_information.mat,z_grid,295,1,-4.3452322738386261e-06,
F0_D3_saved_run_information.mat,z_grid,296,1,-4.3212713936430271e-06,
F0_D3_saved_run_information.mat,z_grid,297,1,-4.297310513447428e-06,
F0_D3_saved_run_information.mat,z_grid,298,1,-4.273349633251829e-06,
F0_D3_saved_run_information.mat,z_grid,299,1,-4.24938875305623e-06,
F0_D3_saved_run_information.mat,z_grid,300,1,-4.2254278728606309e-06,
F0_D3_saved_run_information.mat,z_grid,301,1,-4.2014669926650319e-06,
F0_D3_saved_run_information.mat,z_grid,302,1,-4.1775061124694328e-06,
F0_D3_saved_run_information.mat,z_grid,303,1,-4.1535452322738338e-06,
F0_D3_saved_run_information.mat,z_grid,304,1,-4.1295843520782347e-06,
F0_D3_saved_run_information.mat,z_grid,305,1,-4.1056234718826357e-06,
F0_D3_saved_run_information.mat,z_grid,306,1,-4.0816625916870366e-06,
F0_D3_saved_run_information.mat,z_grid,307,1,-4.0577017114914376e-06,
F0_D3_saved_run_information.mat,z_grid,308,1,-4.0337408312958385e-06,
F0_D3_saved_run_information.mat,z_grid,309,1,-4.0097799511002395e-06,
F0_D3_saved_run_information.mat,z_grid,310,1,-3.9858190709046405e-06,
F0_D3_saved_run_information.mat,z_grid,311,1,-3.9618581907090414e-06,
F0_D3_saved_run_information.mat,z_grid,312,1,-3.9378973105134424e-06,
F0_D3_saved_run_information.mat,z_grid,313,1,-3.9139364303178433e-06,
F0_D3_saved_run_information.mat,z_grid,314,1,-3.8899755501222443e-06,
F0_D3_saved_run_information.mat,z_grid,315,1,-3.8660146699266452e-06,
F0_D3_saved_run_information.mat,z_grid,316,1,-3.8420537897310462e-06,
F0_D3_saved_run_information.mat,z_grid,317,1,-3.8180929095354471e-06,
F0_D3_saved_run_information.mat,z_grid,318,1,-3.7941320293398481e-06,
F0_D3_saved_run_information.mat,z_grid,319,1,-3.7701711491442491e-06,
F0_D3_saved_run_information.mat,z_grid,320,1,-3.74621026894865e-06,
F0_D3_saved_run_information.mat,z_grid,321,1,-3.722249388753051e-06,
F0_D3_saved_run_information.mat,z_grid,322,1,-3.6982885085574519e-06,
F0_D3_saved_run_information.mat,z_grid,323,1,-3.6743276283618529e-06,
F0_D3_saved_run_information.mat,z_grid,324,1,-3.6503667481662538e-06,
F0_D3_saved_run_information.mat,z_grid,325,1,-3.6264058679706548e-06,
F0_D3_saved_run_information.mat,z_grid,326,1,-3.6024449877750557e-06,
F0_D3_saved_run_information.mat,z_grid,327,1,-3.5784841075794567e-06,
F0_D3_saved_run_information.mat,z_grid,328,1,-3.5545232273838576e-06,
F0_D3_saved_run_information.mat,z_grid,329,1,-3.5305623471882586e-06,
F0_D3_saved_run_information.mat,z_grid,330,1,-3.5066014669926596e-06,
F0_D3_saved_run_information.mat,z_grid,331,1,-3.4826405867970605e-06,
F0_D3_saved_run_information.mat,z_grid,332,1,-3.4586797066014615e-06,
F0_D3_saved_run_information.mat,z_grid,333,1,-3.4347188264058624e-06,
F0_D3_saved_run_information.mat,z_grid,334,1,-3.4107579462102634e-06,
F0_D3_saved_run_information.mat,z_grid,335,1,-3.3867970660146643e-06,
F0_D3_saved_run_information.mat,z_grid,336,1,-3.3628361858190653e-06,
F0_D3_saved_run_information.mat,z_grid,337,1,-3.3388753056234662e-06,
F0_D3_saved_run_information.mat,z_grid,338,1,-3.3149144254278672e-06,
F0_D3_saved_run_information.mat,z_grid,339,1,-3.2909535452322681e-06,
F0_D3_saved_run_information.mat,z_grid,340,1,-3.2669926650366691e-06,
F0_D3_saved_run_information.mat,z_grid,341,1,-3.2430317848410701e-06,
F0_D3_saved_run_information.mat,z_grid,342,1,-3.219070904645471e-06,
F0_D3_saved_run_information.mat,z_grid,343,1,-3.195110024449872e-06,
F0_D3_saved_run_information.mat,z_grid,344,1,-3.1711491442542729e-06,
F0_D3_saved_run_information.mat,z_grid,345,1,-3.1471882640586739e-06,
F0_D3_saved_run_information.mat,z_grid,346,1,-3.1232273838630748e-06,
F0_D3_saved_run_information.mat,z_grid,347,1,-3.0992665036674758e-06,
F0_D3_saved_run_information.mat,z_grid,348,1,-3.0753056234718767e-06,
F0_D3_saved_run_information.mat,z_grid,349,1,-3.0513447432762777e-06,
F0_D3_saved_run_information.mat,z_grid,350,1,-3.0273838630806786e-06,
F0_D3_saved_run_information.mat,z_grid,351,1,-3.0034229828850796e-06,
F0_D3_saved_run_information.mat,z_grid,352,1,-2.9794621026894806e-06,
F0_D3_saved_run_information.mat,z_grid,353,1,-2.9555012224938815e-06,
F0_D3_saved_run_information.mat,z_grid,354,1,-2.9315403422982825e-06,
F0_D3_saved_run_information.mat,z_grid,355,1,-2.9075794621026834e-06,
F0_D3_saved_run_information.mat,z_grid,356,1,-2.8836185819070844e-06,
F0_D3_saved_run_information.mat,z_grid,357,1,-2.8596577017114853e-06,
F0_D3_saved_run_information.mat,z_grid,358,1,-2.8356968215158863e-06,
F0_D3_saved_run_information.mat,z_grid,359,1,-2.8117359413202872e-06,
F0_D3_saved_run_information.mat,z_grid,360,1,-2.7877750611246882e-06,
F0_D3_saved_run_information.mat,z_grid,361,1,-2.7638141809290892e-06,
F0_D3_saved_run_information.mat,z_grid,362,1,-2.7398533007334901e-06,
F0_D3_saved_run_information.mat,z_grid,363,1,-2.7158924205378911e-06,
F0_D3_saved_run_information.mat,z_grid,364,1,-2.691931540342292e-06,
F0_D3_saved_run_information.mat,z_grid,365,1,-2.667970660146693e-06,
F0_D3_saved_run_information.mat,z_grid,366,1,-2.6440097799510939e-06,
F0_D3_saved_run_information.mat,z_grid,367,1,-2.6200488997554949e-06,
F0_D3_saved_run_information.mat,z_grid,368,1,-2.5960880195598958e-06,
F0_D3_saved_run_information.mat,z_grid,369,1,-2.5721271393642968e-06,
F0_D3_saved_run_information.mat,z_grid,370,1,-2.5481662591686977e-06,
F0_D3_saved_run_information.mat,z_grid,371,1,-2.5242053789730987e-06,
F0_D3_saved_run_information.mat,z_grid,372,1,-2.5002444987774997e-06,
F0_D3_saved_run_information.mat,z_grid,373,1,-2.4762836185819006e-06,
F0_D3_saved_run_information.mat,z_grid,374,1,-2.4523227383863016e-06,
F0_D3_saved_run_information.mat,z_grid,375,1,-2.4283618581907025e-06,
F0_D3_saved_run_information.mat,z_grid,376,1,-2.4044009779951035e-06,
F0_D3_saved_run_information.mat,z_grid,377,1,-2.3804400977995044e-06,
F0_D3_saved_run_information.mat,z_grid,378,1,-2.3564792176039054e-06,
F0_D3_saved_run_information.mat,z_grid,379,1,-2.3325183374083063e-06,
F0_D3_saved_run_information.mat,z_grid,380,1,-2.3085574572127073e-06,
F0_D3_saved_run_information.mat,z_grid,381,1,-2.2845965770171082e-06,
F0_D3_saved_run_information.mat,z_grid,382,1,-2.2606356968215092e-06,
F0_D3_saved_run_information.mat,z_grid,383,1,-2.2366748166259102e-06,
F0_D3_saved_run_information.mat,z_grid,384,1,-2.2127139364303111e-06,
F0_D3_saved_run_information.mat,z_grid,385,1,-2.1887530562347121e-06,
F0_D3_saved_run_information.mat,z_grid,386,1,-2.164792176039113e-06,
F0_D3_saved_run_information.mat,z_grid,387,1,-2.140831295843514e-06,
F0_D3_saved_run_information.mat,z_grid,388,1,-2.1168704156479149e-06,
F0_D3_saved_run_information.mat,z_grid,389,1,-2.0929095354523159e-06,
F0_D3_saved_run_information.mat,z_grid,390,1,-2.0689486552567168e-06,
F0_D3_saved_run_information.mat,z_grid,391,1,-2.0449877750611178e-06,
F0_D3_saved_run_information.mat,z_grid,392,1,-2.0210268948655187e-06,
F0_D3_saved_run_information.mat,z_grid,393,1,-1.9970660146699197e-06,
F0_D3_saved_run_information.mat,z_grid,394,1,-1.9731051344743207e-06,
F0_D3_saved_run_information.mat,z_grid,395,1,-1.9491442542787216e-06,
F0_D3_saved_run_information.mat,z_grid,396,1,-1.9251833740831226e-06,
F0_D3_saved_run_information.mat,z_grid,397,1,-1.9012224938875235e-06,
F0_D3_saved_run_information.mat,z_grid,398,1,-1.8772616136919245e-06,
F0_D3_saved_run_information.mat,z_grid,399,1,-1.8533007334963254e-06,
F0_D3_saved_run_information.mat,z_grid,400,1,-1.8293398533007264e-06,
F0_D3_saved_run_information.mat,z_grid,401,1,-1.8053789731051273e-06,
F0_D3_saved_run_information.mat,z_grid,402,1,-1.7814180929095283e-06,
F0_D3_saved_run_information.mat,z_grid,403,1,-1.7574572127139293e-06,
F0_D3_saved_run_information.mat,z_grid,404,1,-1.7334963325183302e-06,
F0_D3_saved_run_information.mat,z_grid,405,1,-1.7095354523227312e-06,
F0_D3_saved_run_information.mat,z_grid,406,1,-1.6855745721271321e-06,
F0_D3_saved_run_information.mat,z_grid,407,1,-1.6616136919315331e-06,
F0_D3_saved_run_information.mat,z_grid,408,1,-1.637652811735934e-06,
F0_D3_saved_run_information.mat,z_grid,409,1,-1.613691931540335e-06,
F0_D3_saved_run_information.mat,z_grid,410,1,-1.5897310513447359e-06,
F0_D3_saved_run_information.mat,z_grid,411,1,-1.5657701711491369e-06,
F0_D3_saved_run_information.mat,z_grid,412,1,-1.5418092909535378e-06,
F0_D3_saved_run_information.mat,z_grid,413,1,-1.5178484107579388e-06,
F0_D3_saved_run_information.mat,z_grid,414,1,-1.4938875305623398e-06,
F0_D3_saved_run_information.mat,z_grid,415,1,-1.4699266503667407e-06,
F0_D3_saved_run_information.mat,z_grid,416,1,-1.4459657701711417e-06,
F0_D3_saved_run_information.mat,z_grid,417,1,-1.4220048899755426e-06,
F0_D3_saved_run_information.mat,z_grid,418,1,-1.3980440097799436e-06,
F0_D3_saved_run_information.mat,z_grid,419,1,-1.3740831295843445e-06,
F0_D3_saved_run_information.mat,z_grid,420,1,-1.3501222493887455e-06,
F0_D3_saved_run_information.mat,z_grid,421,1,-1.3261613691931464e-06,
F0_D3_saved_run_information.mat,z_grid,422,1,-1.3022004889975474e-06,
F0_D3_saved_run_information.mat,z_grid,423,1,-1.2782396088019483e-06,
F0_D3_saved_run_information.mat,z_grid,424,1,-1.2542787286063493e-06,
F0_D3_saved_run_information.mat,z_grid,425,1,-1.2303178484107503e-06,
F0_D3_saved_run_information.mat,z_grid,426,1,-1.2063569682151512e-06,
F0_D3_saved_run_information.mat,z_grid,427,1,-1.1823960880195522e-06,
F0_D3_saved_run_information.mat,z_grid,428,1,-1.1584352078239531e-06,
F0_D3_saved_run_information.mat,z_grid,429,1,-1.1344743276283541e-06,
F0_D3_saved_run_information.mat,z_grid,430,1,-1.110513447432755e-06,
F0_D3_saved_run_information.mat,z_grid,431,1,-1.086552567237156e-06,
F0_D3_saved_run_information.mat,z_grid,432,1,-1.0625916870415569e-06,
F0_D3_saved_run_information.mat,z_grid,433,1,-1.0386308068459579e-06,
F0_D3_saved_run_information.mat,z_grid,434,1,-1.0146699266503588e-06,
F0_D3_saved_run_information.mat,z_grid,435,1,-9.907090464547598e-07,
F0_D3_saved_run_information.mat,z_grid,436,1,-9.6674816625916076e-07,
F0_D3_saved_run_information.mat,z_grid,437,1,-9.4278728606356171e-07,
F0_D3_saved_run_information.mat,z_grid,438,1,-9.1882640586796267e-07,
F0_D3_saved_run_information.mat,z_grid,439,1,-8.9486552567236362e-07,
F0_D3_saved_run_information.mat,z_grid,440,1,-8.7090464547676458e-07,
F0_D3_saved_run_information.mat,z_grid,441,1,-8.4694376528116553e-07,
F0_D3_saved_run_information.mat,z_grid,442,1,-8.2298288508556649e-07,
F0_D3_saved_run_information.mat,z_grid,443,1,-7.9902200488996744e-07,
F0_D3_saved_run_information.mat,z_grid,444,1,-7.7506112469436839e-07,
F0_D3_saved_run_information.mat,z_grid,445,1,-7.5110024449876935e-07,
F0_D3_saved_run_information.mat,z_grid,446,1,-7.271393643031703e-07,
F0_D3_saved_run_information.mat,z_grid,447,1,-7.0317848410757126e-07,
F0_D3_saved_run_information.mat,z_grid,448,1,-6.7921760391197221e-07,
F0_D3_saved_run_information.mat,z_grid,449,1,-6.5525672371637317e-07,
F0_D3_saved_run_information.mat,z_grid,450,1,-6.3129584352077412e-07,
F0_D3_saved_run_information.mat,z_grid,451,1,-6.0733496332517508e-07,
F0_D3_saved_run_information.mat,z_grid,452,1,-5.8337408312957603e-07,
F0_D3_saved_run_information.mat,z_grid,453,1,-5.5941320293397699e-07,
F0_D3_saved_run_information.mat,z_grid,454,1,-5.3545232273837794e-07,
F0_D3_saved_run_information.mat,z_grid,455,1,-5.114914425427789e-07,
F0_D3_saved_run_information.mat,z_grid,456,1,-4.8753056234717985e-07,
F0_D3_saved_run_information.mat,z_grid,457,1,-4.6356968215158081e-07,
F0_D3_saved_run_information.mat,z_grid,458,1,-4.3960880195598176e-07,
F0_D3_saved_run_information.mat,z_grid,459,1,-4.1564792176038272e-07,
F0_D3_saved_run_information.mat,z_grid,460,1,-3.9168704156478367e-07,
F0_D3_saved_run_information.mat,z_grid,461,1,-3.6772616136918463e-07,
F0_D3_saved_run_information.mat,z_grid,462,1,-3.4376528117358558e-07,
F0_D3_saved_run_information.mat,z_grid,463,1,-3.1980440097798654e-07,
F0_D3_saved_run_information.mat,z_grid,464,1,-2.9584352078238749e-07,
F0_D3_saved_run_information.mat,z_grid,465,1,-2.7188264058679707e-07,
F0_D3_saved_run_information.mat,z_grid,466,1,-2.4989691169883664e-07,
F0_D3_saved_run_information.mat,z_grid,467,1,-2.3108915352647723e-07,
F0_D3_saved_run_information.mat,z_grid,468,1,-2.1499999999999138e-07,
F0_D3_saved_run_information.mat,z_grid,469,1,-1.9999999999999136e-07,
F0_D3_saved_run_information.mat,z_grid,470,1,-1.8499999999999998e-07,
F0_D3_saved_run_information.mat,z_grid,471,1,-1.6999999999999996e-07,
F0_D3_saved_run_information.mat,z_grid,472,1,-1.5499999999999995e-07,
F0_D3_saved_run_information.mat,z_grid,473,1,-1.3999999999999993e-07,
F0_D3_saved_run_information.mat,z_grid,474,1,-1.2499999999999991e-07,
F0_D3_saved_run_information.mat,z_grid,475,1,-1.0999999999999991e-07,
F0_D3_saved_run_information.mat,z_grid,476,1,-9.4999999999999911e-08,
F0_D3_saved_run_information.mat,z_grid,477,1,-7.9999999999999909e-08,
F0_D3_saved_run_information.mat,z_grid,478,1,-6.4999999999999907e-08,
F0_D3_saved_run_information.mat,z_grid,479,1,-4.9999999999999905e-08,
F0_D3_saved_run_information.mat,z_grid,480,1,-3.4999999999999903e-08,
F0_D3_saved_run_information.mat,z_grid,481,1,-1.9999999999999901e-08,
F0_D3_saved_run_information.mat,z_grid,482,1,-4.9999999999998992e-09,
F0_D3_saved_run_information.mat,z_grid,483,1,1.0000000000000103e-08,
F0_D3_saved_run_information.mat,z_grid,484,1,2.5000000000000105e-08,
F0_D3_saved_run_information.mat,z_grid,485,1,4.0000000000000107e-08,
F0_D3_saved_run_information.mat,z_grid,486,1,5.5000000000000109e-08,
F0_D3_saved_run_information.mat,z_grid,487,1,7.0000000000000111e-08,
F0_D3_saved_run_information.mat,z_grid,488,1,8.5000000000000113e-08,
F0_D3_saved_run_information.mat,z_grid,489,1,1.0000000000000011e-07,
F0_D3_saved_run_information.mat,z_grid,490,1,1.1500000000000012e-07,
F0_D3_saved_run_information.mat,z_grid,491,1,1.3000000000000013e-07,
F0_D3_saved_run_information.mat,z_grid,492,1,1.4500000000000015e-07,
F0_D3_saved_run_information.mat,z_grid,493,1,1.6000000000000016e-07,
F0_D3_saved_run_information.mat,z_grid,494,1,1.7500000000000018e-07,
F0_D3_saved_run_information.mat,z_grid,495,1,1.9000000000000019e-07,
F0_D3_saved_run_information.mat,z_grid,496,1,2.0500000000000021e-07,
F0_D3_saved_run_information.mat,z_grid,497,1,2.2000000000000022e-07,
F0_D3_saved_run_information.mat,z_grid,498,1,2.3500000000000024e-07,
F0_D3_saved_run_information.mat,z_grid,499,1,2.5000000000000025e-07,
F0_D3_saved_run_information.mat,z_grid,500,1,2.6500000000000027e-07,
F0_D3_saved_run_information.mat,z_grid,501,1,2.8000000000000028e-07,
F0_D3_saved_run_information.mat,z_grid,502,1,2.950000000000003e-07,
F0_D3_saved_run_information.mat,z_grid,503,1,3.1000000000000031e-07,
F0_D3_saved_run_information.mat,z_grid,504,1,3.2500000000000006e-07,
F0_D3_saved_run_information.mat,z_grid,505,1,3.4000000000000034e-07,
F0_D3_saved_run_information.mat,z_grid,506,1,3.5572393523386309e-07,
F0_D3_saved_run_information.mat,z_grid,507,1,3.762820512820516e-07,
F0_D3_saved_run_information.mat,z_grid,508,1,4.01923076923077e-07,
F0_D3_saved_run_information.mat,z_grid,509,1,4.2756410256410266e-07,
F0_D3_saved_run_information.mat,z_grid,510,1,4.5320512820512833e-07,
F0_D3_saved_run_information.mat,z_grid,511,1,4.7884615384615394e-07,
F0_D3_saved_run_information.mat,z_grid,512,1,5.0448717948717955e-07,
F0_D3_saved_run_information.mat,z_grid,513,1,5.3012820512820516e-07,
F0_D3_saved_run_information.mat,z_grid,514,1,5.5576923076923077e-07,
F0_D3_saved_run_information.mat,z_grid,515,1,5.8141025641025638e-07,
F0_D3_saved_run_information.mat,z_grid,516,1,6.0705128205128199e-07,
F0_D3_saved_run_information.mat,z_grid,517,1,6.326923076923076e-07,
F0_D3_saved_run_information.mat,z_grid,518,1,6.5833333333333321e-07,
F0_D3_saved_run_information.mat,z_grid,519,1,6.8397435897435882e-07,
F0_D3_saved_run_information.mat,z_grid,520,1,7.0961538461538443e-07,
F0_D3_saved_run_information.mat,z_grid,521,1,7.3525641025641004e-07,
F0_D3_saved_run_information.mat,z_grid,522,1,7.6089743589743565e-07,
F0_D3_saved_run_information.mat,z_grid,523,1,7.8653846153846126e-07,
F0_D3_saved_run_information.mat,z_grid,524,1,8.1217948717948687e-07,
F0_D3_saved_run_information.mat,z_grid,525,1,8.3782051282051248e-07,
F0_D3_saved_run_information.mat,z_grid,526,1,8.6346153846153809e-07,
F0_D3_saved_run_information.mat,z_grid,527,1,8.891025641025637e-07,
F0_D3_saved_run_information.mat,z_grid,528,1,9.1474358974358931e-07,
F0_D3_saved_run_information.mat,z_grid,529,1,9.4038461538461492e-07,
F0_D3_saved_run_information.mat,z_grid,530,1,9.6602564102564063e-07,
F0_D3_saved_run_information.mat,z_grid,531,1,9.9166666666666635e-07,
F0_D3_saved_run_information.mat,z_grid,532,1,1.0173076923076921e-06,
F0_D3_saved_run_information.mat,z_grid,533,1,1.0429487179487178e-06,
F0_D3_saved_run_information.mat,z_grid,534,1,1.0685897435897435e-06,
F0_D3_saved_run_information.mat,z_grid,535,1,1.0942307692307692e-06,
F0_D3_saved_run_information.mat,z_grid,536,1,1.1198717948717949e-06,
F0_D3_saved_run_information.mat,z_grid,537,1,1.1455128205128206e-06,
F0_D3_saved_run_information.mat,z_grid,538,1,1.1711538461538464e-06,
F0_D3_saved_run_information.mat,z_grid,539,1,1.1967948717948721e-06,
F0_D3_saved_run_information.mat,z_grid,540,1,1.2224358974358978e-06,
F0_D3_saved_run_information.mat,z_grid,541,1,1.2480769230769235e-06,
F0_D3_saved_run_information.mat,z_grid,542,1,1.2737179487179492e-06,
F0_D3_saved_run_information.mat,z_grid,543,1,1.2993589743589749e-06,
F0_D3_saved_run_information.mat,z_grid,544,1,1.325e-06,
