run,monitor,wavelength_nm,z_m,x_m,y_m,Ex_real,Ex_imag
D3,E_control_raw_Yee,525.0,-1.5499999999999995e-07,-2.31676745963852e-20,6.782881022934827e-21,-0.16833494127076593,1.2537125677285597
D3,E_uniformity_witness_1,525.0,-1.5499999999999995e-07,2.4999999999999727e-06,9.992600812897438e-07,-0.16833494127076593,1.2537125677285597
D3,E_uniformity_witness_2,525.0,-1.5499999999999995e-07,-2.5000000000000193e-06,-9.9926008128973e-07,-0.16833494127076593,1.2537125677285597
D2,E_control_raw_Yee,525.0,-1.5499999999999995e-07,-2.31676745963852e-20,6.782881022934827e-21,-0.16966355313677955,1.2532229062299705
D2,E_uniformity_witness_1,525.0,-1.5499999999999995e-07,2.4999999999999727e-06,9.992600812897438e-07,-0.16966355313677955,1.2532229062299705
D2,E_uniformity_witness_2,525.0,-1.5499999999999995e-07,-2.5000000000000193e-06,-9.9926008128973e-07,-0.16966355313677955,1.2532229062299705
D1,E_control_raw_Yee,525.0,-1.55e-07,-2.31676745963852e-20,6.782881022934827e-21,-0.08040068184480142,1.1875702023734438
D1,E_uniformity_witness_1,525.0,-1.55e-07,2.4999999999999727e-06,9.992600812897438e-07,-0.2586591017301083,1.3207303606756273
D1,E_uniformity_witness_2,525.0,-1.55e-07,-2.5000000000000193e-06,-9.9926008128973e-07,-0.2586636038424479,1.3207315198472744
F0_4rank,E_control_raw_Yee,525.0,-1.55e-07,-2.31676745963852e-20,6.782881022934827e-21,-0.08039738608141739,1.187574391783354
F0_4rank,E_uniformity_witness_1,525.0,-1.55e-07,2.4999999999999727e-06,9.992600812897438e-07,-0.2586578297819811,1.3207307628423761
F0_4rank,E_uniformity_witness_2,525.0,-1.55e-07,-2.5000000000000193e-06,-9.9926008128973e-07,-0.25866130477618116,1.320726527137932
